,datetime,day_of_week,month,is_holiday,staleness,rm_id,rolling_7_avg,rolling_30_avg,rolling_100_avg,rolling_200_avg,rolling_500_avg,rolling_7_freq,rolling_30_freq,rolling_100_freq,shifted_30_rolling_7_avg,shifted_100_rolling_7_avg,shifted_100_rolling_30_avg,shifted_30_rolling_7_freq,shifted_100_rolling_7_freq,shifted_100_rolling_30_freq
0,2024-12-20,4,12,0,0,2130,79318.0,69589.26666666666,71219.02,57405.125,37667.392,0.7142857142857143,0.7,0.66,65602.85714285714,82021.14285714286,30883.6,0.7142857142857143,0.7142857142857143,0.4
1,2024-12-21,5,12,0,1,2130,79318.0,69589.26666666666,71219.02,57405.125,37667.392,0.7142857142857143,0.7,0.66,63267.42857142857,100174.85714285714,36190.166666666664,0.7142857142857143,0.7142857142857143,0.43333333333333335
2,2024-12-22,6,12,0,2,2130,79318.0,69589.26666666666,71219.02,57405.125,37667.392,0.7142857142857143,0.7,0.66,60720.71428571428,98337.14285714286,41251.86666666667,0.7142857142857143,0.7142857142857143,0.4666666666666667
3,2024-12-23,0,12,0,3,2130,79318.0,69589.26666666666,71219.02,57405.125,37667.392,0.7142857142857143,0.7,0.66,60720.71428571428,98337.14285714286,41251.86666666667,0.7142857142857143,0.7142857142857143,0.4666666666666667
4,2024-12-24,1,12,0,4,2130,79318.0,69589.26666666666,71219.02,57405.125,37667.392,0.7142857142857143,0.7,0.66,60720.71428571428,98337.14285714286,41251.86666666667,0.7142857142857143,0.7142857142857143,0.4666666666666667
5,2024-12-25,2,12,1,5,2130,79318.0,69589.26666666666,71219.02,57405.125,37667.392,0.7142857142857143,0.7,0.66,58866.857142857145,88427.0,41251.86666666667,0.7142857142857143,0.5714285714285714,0.4666666666666667
6,2024-12-26,3,12,1,6,2130,79318.0,69589.26666666666,71219.02,57405.125,37667.392,0.7142857142857143,0.7,0.66,56398.42857142857,74614.0,41251.86666666667,0.7142857142857143,0.42857142857142855,0.4666666666666667
7,2024-12-27,4,12,0,7,2130,79318.0,69589.26666666666,71219.02,57405.125,37667.392,0.7142857142857143,0.7,0.66,62871.142857142855,74668.0,48306.13333333333,0.7142857142857143,0.42857142857142855,0.5
8,2024-12-28,5,12,0,8,2130,79318.0,69589.26666666666,71219.02,57405.125,37667.392,0.7142857142857143,0.7,0.66,72290.42857142857,78803.42857142857,54577.63333333333,0.7142857142857143,0.42857142857142855,0.5333333333333333
9,2024-12-29,6,12,0,9,2130,79318.0,69589.26666666666,71219.02,57405.125,37667.392,0.7142857142857143,0.7,0.66,64587.0,80127.57142857143,59948.3,0.7142857142857143,0.42857142857142855,0.5666666666666667
10,2024-12-30,0,12,0,10,2130,79318.0,69589.26666666666,71219.02,57405.125,37667.392,0.7142857142857143,0.7,0.66,64587.0,80127.57142857143,59948.3,0.7142857142857143,0.42857142857142855,0.5666666666666667
11,2024-12-31,1,12,0,11,2130,79318.0,69589.26666666666,71219.02,57405.125,37667.392,0.7142857142857143,0.7,0.66,64587.0,80127.57142857143,59948.3,0.7142857142857143,0.42857142857142855,0.5666666666666667
12,2025-01-01,2,1,0,12,2130,79318.0,69589.26666666666,71219.02,57405.125,37667.392,0.7142857142857143,0.7,0.66,61649.57142857143,91853.14285714286,62684.26666666667,0.7142857142857143,0.5714285714285714,0.6
13,2025-01-02,3,1,0,13,2130,79318.0,69589.26666666666,71219.02,57405.125,37667.392,0.7142857142857143,0.7,0.66,69232.42857142857,117727.85714285714,68721.7,0.7142857142857143,0.7142857142857143,0.6333333333333333
14,2025-01-03,4,1,0,14,2130,79318.0,69589.26666666666,71219.02,57405.125,37667.392,0.7142857142857143,0.7,0.66,66502.85714285714,106493.42857142857,72841.93333333333,0.7142857142857143,0.7142857142857143,0.6333333333333333
15,2025-01-04,5,1,0,15,2130,79318.0,69589.26666666666,71219.02,57405.125,37667.392,0.7142857142857143,0.7,0.66,57069.28571428572,99974.57142857143,77103.4,0.7142857142857143,0.7142857142857143,0.6333333333333333
16,2025-01-05,6,1,0,16,2130,79318.0,69589.26666666666,71219.02,57405.125,37667.392,0.7142857142857143,0.7,0.66,51277.857142857145,101010.28571428571,81642.46666666666,0.5714285714285714,0.7142857142857143,0.6333333333333333
17,2025-01-06,0,1,0,17,2130,79318.0,69589.26666666666,71219.02,57405.125,37667.392,0.7142857142857143,0.7,0.66,51277.857142857145,101010.28571428571,80027.63333333333,0.5714285714285714,0.7142857142857143,0.6
18,2025-01-07,1,1,0,18,2130,79318.0,69589.26666666666,71219.02,57405.125,37667.392,0.7142857142857143,0.7,0.66,51277.857142857145,101010.28571428571,78918.53333333334,0.5714285714285714,0.7142857142857143,0.5666666666666667
19,2025-01-08,2,1,0,19,2130,79318.0,69589.26666666666,71219.02,57405.125,37667.392,0.7142857142857143,0.7,0.66,55118.857142857145,96924.71428571429,80701.2,0.5714285714285714,0.7142857142857143,0.6
20,2025-01-09,3,1,0,20,2130,79318.0,69589.26666666666,71219.02,57405.125,37667.392,0.7142857142857143,0.7,0.66,57360.0,77091.71428571429,82110.93333333333,0.5714285714285714,0.7142857142857143,0.6333333333333333
21,2025-01-10,4,1,0,21,2130,79318.0,69589.26666666666,71219.02,57405.125,37667.392,0.7142857142857143,0.7,0.66,56280.142857142855,69189.42857142857,84699.96666666666,0.5714285714285714,0.7142857142857143,0.6666666666666666
22,2025-01-11,5,1,0,22,2130,79318.0,69589.26666666666,71219.02,57405.125,37667.392,0.7142857142857143,0.7,0.66,73195.57142857143,58167.57142857143,82505.56666666667,0.5714285714285714,0.7142857142857143,0.6666666666666666
23,2025-01-12,6,1,0,23,2130,79318.0,69589.26666666666,71219.02,57405.125,37667.392,0.7142857142857143,0.7,0.66,90127.42857142857,34114.71428571428,79732.13333333333,0.7142857142857143,0.5714285714285714,0.6333333333333333
24,2025-01-13,0,1,0,24,2130,79318.0,69589.26666666666,71219.02,57405.125,37667.392,0.7142857142857143,0.7,0.66,90127.42857142857,34114.71428571428,78661.43333333333,0.7142857142857143,0.5714285714285714,0.6
25,2025-01-14,1,1,0,25,2130,79318.0,69589.26666666666,71219.02,57405.125,37667.392,0.7142857142857143,0.7,0.66,90127.42857142857,34114.71428571428,73170.93333333333,0.7142857142857143,0.5714285714285714,0.5666666666666667
26,2025-01-15,2,1,0,26,2130,79318.0,69589.26666666666,71219.02,57405.125,37667.392,0.7142857142857143,0.7,0.66,78666.42857142857,38185.857142857145,75903.53333333334,0.7142857142857143,0.5714285714285714,0.6
27,2025-01-16,3,1,0,27,2130,79318.0,69589.26666666666,71219.02,57405.125,37667.392,0.7142857142857143,0.7,0.66,85800.0,59793.71428571428,82355.1,0.7142857142857143,0.5714285714285714,0.6333333333333333
28,2025-01-17,4,1,0,28,2130,79318.0,69589.26666666666,71219.02,57405.125,37667.392,0.7142857142857143,0.7,0.66,87494.28571428571,65036.71428571428,83855.13333333333,0.7142857142857143,0.5714285714285714,0.6333333333333333
29,2025-01-18,5,1,0,29,2130,79318.0,69589.26666666666,71219.02,57405.125,37667.392,0.7142857142857143,0.7,0.66,79318.0,75838.57142857143,85331.2,0.7142857142857143,0.5714285714285714,0.6333333333333333
30,2025-01-19,6,1,0,30,2130,79318.0,69589.26666666666,71219.02,57405.125,37667.392,0.7142857142857143,0.7,0.66,79318.0,92724.85714285714,82229.66666666667,0.0,0.7142857142857143,0.6333333333333333
31,2025-01-20,0,1,0,31,2130,79318.0,69589.26666666666,71219.02,57405.125,37667.392,0.7142857142857143,0.7,0.66,79318.0,92724.85714285714,76923.1,0.0,0.7142857142857143,0.6
32,2025-01-21,1,1,0,32,2130,79318.0,69589.26666666666,71219.02,57405.125,37667.392,0.7142857142857143,0.7,0.66,79318.0,92724.85714285714,71861.4,0.0,0.7142857142857143,0.5666666666666667
33,2025-01-22,2,1,0,33,2130,79318.0,69589.26666666666,71219.02,57405.125,37667.392,0.7142857142857143,0.7,0.66,79318.0,90735.71428571429,74129.86666666667,0.0,0.7142857142857143,0.6
34,2025-01-23,3,1,0,34,2130,79318.0,69589.26666666666,71219.02,57405.125,37667.392,0.7142857142857143,0.7,0.66,79318.0,66169.0,74849.2,0.0,0.7142857142857143,0.6333333333333333
35,2025-01-24,4,1,0,35,2130,79318.0,69589.26666666666,71219.02,57405.125,37667.392,0.7142857142857143,0.7,0.66,79318.0,66467.0,78731.13333333333,0.0,0.7142857142857143,0.6666666666666666
36,2025-01-25,5,1,0,36,2130,79318.0,69589.26666666666,71219.02,57405.125,37667.392,0.7142857142857143,0.7,0.66,79318.0,66290.71428571429,83389.1,0.0,0.7142857142857143,0.7
37,2025-01-26,6,1,0,37,2130,79318.0,69589.26666666666,71219.02,57405.125,37667.392,0.7142857142857143,0.7,0.66,79318.0,60795.0,78992.63333333333,0.0,0.7142857142857143,0.7
38,2025-01-27,0,1,0,38,2130,79318.0,69589.26666666666,71219.02,57405.125,37667.392,0.7142857142857143,0.7,0.66,79318.0,60795.0,72721.13333333333,0.0,0.7142857142857143,0.6666666666666666
39,2025-01-28,1,1,0,39,2130,79318.0,69589.26666666666,71219.02,57405.125,37667.392,0.7142857142857143,0.7,0.66,79318.0,60795.0,67350.46666666666,0.0,0.7142857142857143,0.6333333333333333
40,2025-01-29,2,1,0,40,2130,79318.0,69589.26666666666,71219.02,57405.125,37667.392,0.7142857142857143,0.7,0.66,79318.0,57529.857142857145,68857.06666666667,0.0,0.7142857142857143,0.6666666666666666
41,2025-01-30,3,1,0,41,2130,79318.0,69589.26666666666,71219.02,57405.125,37667.392,0.7142857142857143,0.7,0.66,79318.0,71470.28571428571,72829.16666666667,0.0,0.7142857142857143,0.7
42,2025-01-31,4,1,0,42,2130,79318.0,69589.26666666666,71219.02,57405.125,37667.392,0.7142857142857143,0.7,0.66,79318.0,62444.857142857145,71869.2,0.0,0.7142857142857143,0.7
43,2025-02-01,5,2,0,43,2130,79318.0,69589.26666666666,71219.02,57405.125,37667.392,0.7142857142857143,0.7,0.66,79318.0,62960.0,70609.93333333333,0.0,0.7142857142857143,0.7
44,2025-02-02,6,2,0,44,2130,79318.0,69589.26666666666,71219.02,57405.125,37667.392,0.7142857142857143,0.7,0.66,79318.0,69758.57142857143,70421.16666666667,0.0,0.7142857142857143,0.7
45,2025-02-03,0,2,0,45,2130,79318.0,69589.26666666666,71219.02,57405.125,37667.392,0.7142857142857143,0.7,0.66,79318.0,69758.57142857143,65670.73333333334,0.0,0.7142857142857143,0.6666666666666666
46,2025-02-04,1,2,0,46,2130,79318.0,69589.26666666666,71219.02,57405.125,37667.392,0.7142857142857143,0.7,0.66,79318.0,69758.57142857143,60058.4,0.0,0.7142857142857143,0.6333333333333333
47,2025-02-05,2,2,0,47,2130,79318.0,69589.26666666666,71219.02,57405.125,37667.392,0.7142857142857143,0.7,0.66,79318.0,72894.57142857143,62296.73333333333,0.0,0.7142857142857143,0.6666666666666666
48,2025-02-06,3,2,0,48,2130,79318.0,69589.26666666666,71219.02,57405.125,37667.392,0.7142857142857143,0.7,0.66,79318.0,76199.14285714286,67039.9,0.0,0.7142857142857143,0.7
49,2025-02-07,4,2,0,49,2130,79318.0,69589.26666666666,71219.02,57405.125,37667.392,0.7142857142857143,0.7,0.66,79318.0,82884.85714285714,68593.23333333334,0.0,0.7142857142857143,0.7
50,2025-02-08,5,2,0,50,2130,79318.0,69589.26666666666,71219.02,57405.125,37667.392,0.7142857142857143,0.7,0.66,79318.0,74525.57142857143,70011.16666666667,0.0,0.7142857142857143,0.7
51,2025-02-09,6,2,0,51,2130,79318.0,69589.26666666666,71219.02,57405.125,37667.392,0.7142857142857143,0.7,0.66,79318.0,56336.42857142857,67422.13333333333,0.0,0.5714285714285714,0.6666666666666666
52,2025-02-10,0,2,0,52,2130,79318.0,69589.26666666666,71219.02,57405.125,37667.392,0.7142857142857143,0.7,0.66,79318.0,56336.42857142857,65243.46666666667,0.0,0.5714285714285714,0.6333333333333333
53,2025-02-11,1,2,0,53,2130,79318.0,69589.26666666666,71219.02,57405.125,37667.392,0.7142857142857143,0.7,0.66,79318.0,56336.42857142857,65243.46666666667,0.0,0.5714285714285714,0.6333333333333333
54,2025-02-12,2,2,0,54,2130,79318.0,69589.26666666666,71219.02,57405.125,37667.392,0.7142857142857143,0.7,0.66,79318.0,64705.28571428572,69434.53333333334,0.0,0.5714285714285714,0.6666666666666666
55,2025-02-13,3,2,0,55,2130,79318.0,69589.26666666666,71219.02,57405.125,37667.392,0.7142857142857143,0.7,0.66,79318.0,58667.42857142857,72768.86666666667,0.0,0.5714285714285714,0.7
56,2025-02-14,4,2,0,56,2130,79318.0,69589.26666666666,71219.02,57405.125,37667.392,0.7142857142857143,0.7,0.66,79318.0,61934.42857142857,74134.56666666667,0.0,0.5714285714285714,0.7
57,2025-02-15,5,2,0,57,2130,79318.0,69589.26666666666,71219.02,57405.125,37667.392,0.7142857142857143,0.7,0.66,79318.0,65811.57142857143,71415.33333333333,0.0,0.5714285714285714,0.7
58,2025-02-16,6,2,0,58,2130,79318.0,69589.26666666666,71219.02,57405.125,37667.392,0.7142857142857143,0.7,0.66,79318.0,65811.57142857143,67602.93333333333,0.0,0.5714285714285714,0.6666666666666666
59,2025-02-17,0,2,0,59,2130,79318.0,69589.26666666666,71219.02,57405.125,37667.392,0.7142857142857143,0.7,0.66,79318.0,65811.57142857143,62903.833333333336,0.0,0.5714285714285714,0.6333333333333333
60,2025-02-18,1,2,0,60,2130,79318.0,69589.26666666666,71219.02,57405.125,37667.392,0.7142857142857143,0.7,0.66,79318.0,65811.57142857143,58963.7,0.0,0.5714285714285714,0.6
61,2025-02-19,2,2,0,61,2130,79318.0,69589.26666666666,71219.02,57405.125,37667.392,0.7142857142857143,0.7,0.66,79318.0,49198.42857142857,59278.36666666667,0.0,0.5714285714285714,0.6333333333333333
62,2025-02-20,3,2,0,62,2130,79318.0,69589.26666666666,71219.02,57405.125,37667.392,0.7142857142857143,0.7,0.66,79318.0,48308.71428571428,62405.1,0.0,0.5714285714285714,0.6666666666666666
63,2025-02-21,4,2,0,63,2130,79318.0,69589.26666666666,71219.02,57405.125,37667.392,0.7142857142857143,0.7,0.66,79318.0,47170.857142857145,63969.433333333334,0.0,0.5714285714285714,0.6666666666666666
64,2025-02-22,5,2,0,64,2130,79318.0,69589.26666666666,71219.02,57405.125,37667.392,0.7142857142857143,0.7,0.66,79318.0,36980.857142857145,64604.76666666667,0.0,0.5714285714285714,0.6666666666666666
65,2025-02-23,6,2,0,65,2130,79318.0,69589.26666666666,71219.02,57405.125,37667.392,0.7142857142857143,0.7,0.66,79318.0,53022.42857142857,64465.86666666667,0.0,0.7142857142857143,0.6666666666666666
66,2025-02-24,0,2,0,66,2130,79318.0,69589.26666666666,71219.02,57405.125,37667.392,0.7142857142857143,0.7,0.66,79318.0,53022.42857142857,59807.9,0.0,0.7142857142857143,0.6333333333333333
67,2025-02-25,1,2,0,67,2130,79318.0,69589.26666666666,71219.02,57405.125,37667.392,0.7142857142857143,0.7,0.66,79318.0,53022.42857142857,57150.1,0.0,0.7142857142857143,0.6
68,2025-02-26,2,2,0,68,2130,79318.0,69589.26666666666,71219.02,57405.125,37667.392,0.7142857142857143,0.7,0.66,79318.0,70781.0,61608.433333333334,0.0,0.7142857142857143,0.6333333333333333
69,2025-02-27,3,2,0,69,2130,79318.0,69589.26666666666,71219.02,57405.125,37667.392,0.7142857142857143,0.7,0.66,79318.0,69133.0,64350.63333333333,0.0,0.7142857142857143,0.6666666666666666
70,2025-02-28,4,2,0,70,2130,79318.0,69589.26666666666,71219.02,57405.125,37667.392,0.7142857142857143,0.7,0.66,79318.0,65602.85714285714,65853.13333333333,0.0,0.7142857142857143,0.6666666666666666
71,2025-03-01,5,3,0,71,2130,79318.0,69589.26666666666,71219.02,57405.125,37667.392,0.7142857142857143,0.7,0.66,79318.0,63267.42857142857,62690.76666666667,0.0,0.7142857142857143,0.6666666666666666
72,2025-03-02,6,3,0,72,2130,79318.0,69589.26666666666,71219.02,57405.125,37667.392,0.7142857142857143,0.7,0.66,79318.0,60720.71428571428,64063.566666666666,0.0,0.7142857142857143,0.6666666666666666
73,2025-03-03,0,3,0,73,2130,79318.0,69589.26666666666,71219.02,57405.125,37667.392,0.7142857142857143,0.7,0.66,79318.0,60720.71428571428,59285.4,0.0,0.7142857142857143,0.6333333333333333
74,2025-03-04,1,3,0,74,2130,79318.0,69589.26666666666,71219.02,57405.125,37667.392,0.7142857142857143,0.7,0.66,79318.0,60720.71428571428,55041.26666666667,0.0,0.7142857142857143,0.6
75,2025-03-05,2,3,0,75,2130,79318.0,69589.26666666666,71219.02,57405.125,37667.392,0.7142857142857143,0.7,0.66,79318.0,58866.857142857145,59067.03333333333,0.0,0.7142857142857143,0.6333333333333333
76,2025-03-06,3,3,0,76,2130,79318.0,69589.26666666666,71219.02,57405.125,37667.392,0.7142857142857143,0.7,0.66,79318.0,56398.42857142857,61233.26666666667,0.0,0.7142857142857143,0.6666666666666666
77,2025-03-07,4,3,0,77,2130,79318.0,69589.26666666666,71219.02,57405.125,37667.392,0.7142857142857143,0.7,0.66,79318.0,62871.142857142855,63514.333333333336,0.0,0.7142857142857143,0.6666666666666666
78,2025-03-08,5,3,0,78,2130,79318.0,69589.26666666666,71219.02,57405.125,37667.392,0.7142857142857143,0.7,0.66,79318.0,72290.42857142857,61778.73333333333,0.0,0.7142857142857143,0.6666666666666666
79,2025-03-09,6,3,0,79,2130,79318.0,69589.26666666666,71219.02,57405.125,37667.392,0.7142857142857143,0.7,0.66,79318.0,64587.0,59794.066666666666,0.0,0.7142857142857143,0.6666666666666666
80,2025-03-10,0,3,0,80,2130,79318.0,69589.26666666666,71219.02,57405.125,37667.392,0.7142857142857143,0.7,0.66,79318.0,64587.0,56966.4,0.0,0.7142857142857143,0.6333333333333333
81,2025-03-11,1,3,0,81,2130,79318.0,69589.26666666666,71219.02,57405.125,37667.392,0.7142857142857143,0.7,0.66,79318.0,64587.0,56966.4,0.0,0.7142857142857143,0.6333333333333333
82,2025-03-12,2,3,0,82,2130,79318.0,69589.26666666666,71219.02,57405.125,37667.392,0.7142857142857143,0.7,0.66,79318.0,61649.57142857143,60306.76666666667,0.0,0.7142857142857143,0.6666666666666666
83,2025-03-13,3,3,0,83,2130,79318.0,69589.26666666666,71219.02,57405.125,37667.392,0.7142857142857143,0.7,0.66,79318.0,69232.42857142857,64242.333333333336,0.0,0.7142857142857143,0.7
84,2025-03-14,4,3,0,84,2130,79318.0,69589.26666666666,71219.02,57405.125,37667.392,0.7142857142857143,0.7,0.66,79318.0,66502.85714285714,63933.76666666667,0.0,0.7142857142857143,0.7
85,2025-03-15,5,3,0,85,2130,79318.0,69589.26666666666,71219.02,57405.125,37667.392,0.7142857142857143,0.7,0.66,79318.0,57069.28571428572,61405.833333333336,0.0,0.7142857142857143,0.7
86,2025-03-16,6,3,0,86,2130,79318.0,69589.26666666666,71219.02,57405.125,37667.392,0.7142857142857143,0.7,0.66,79318.0,51277.857142857145,57307.53333333333,0.0,0.5714285714285714,0.6666666666666666
87,2025-03-17,0,3,0,87,2130,79318.0,69589.26666666666,71219.02,57405.125,37667.392,0.7142857142857143,0.7,0.66,79318.0,51277.857142857145,53575.2,0.0,0.5714285714285714,0.6333333333333333
88,2025-03-18,1,3,0,88,2130,79318.0,69589.26666666666,71219.02,57405.125,37667.392,0.7142857142857143,0.7,0.66,79318.0,51277.857142857145,53575.2,0.0,0.5714285714285714,0.6333333333333333
89,2025-03-19,2,3,0,89,2130,79318.0,69589.26666666666,71219.02,57405.125,37667.392,0.7142857142857143,0.7,0.66,79318.0,55118.857142857145,57811.8,0.0,0.5714285714285714,0.6666666666666666
90,2025-03-20,3,3,0,90,2130,79318.0,69589.26666666666,71219.02,57405.125,37667.392,0.7142857142857143,0.7,0.66,79318.0,57360.0,62270.3,0.0,0.5714285714285714,0.7
91,2025-03-21,4,3,0,91,2130,79318.0,69589.26666666666,71219.02,57405.125,37667.392,0.7142857142857143,0.7,0.66,79318.0,56280.142857142855,65586.16666666667,0.0,0.5714285714285714,0.7
92,2025-03-22,5,3,0,92,2130,79318.0,69589.26666666666,71219.02,57405.125,37667.392,0.7142857142857143,0.7,0.66,79318.0,73195.57142857143,67212.76666666666,0.0,0.5714285714285714,0.7
93,2025-03-23,6,3,0,93,2130,79318.0,69589.26666666666,71219.02,57405.125,37667.392,0.7142857142857143,0.7,0.66,79318.0,90127.42857142857,67330.73333333334,0.0,0.7142857142857143,0.7
94,2025-03-24,0,3,0,94,2130,79318.0,69589.26666666666,71219.02,57405.125,37667.392,0.7142857142857143,0.7,0.66,79318.0,90127.42857142857,65976.06666666667,0.0,0.7142857142857143,0.6666666666666666
95,2025-03-25,1,3,0,95,2130,79318.0,69589.26666666666,71219.02,57405.125,37667.392,0.7142857142857143,0.7,0.66,79318.0,90127.42857142857,62233.03333333333,0.0,0.7142857142857143,0.6333333333333333
96,2025-03-26,2,3,0,96,2130,79318.0,69589.26666666666,71219.02,57405.125,37667.392,0.7142857142857143,0.7,0.66,79318.0,78666.42857142857,63795.4,0.0,0.7142857142857143,0.6666666666666666
97,2025-03-27,3,3,0,97,2130,79318.0,69589.26666666666,71219.02,57405.125,37667.392,0.7142857142857143,0.7,0.66,79318.0,85800.0,69918.4,0.0,0.7142857142857143,0.7
98,2025-03-28,4,3,0,98,2130,79318.0,69589.26666666666,71219.02,57405.125,37667.392,0.7142857142857143,0.7,0.66,79318.0,87494.28571428571,69485.93333333333,0.0,0.7142857142857143,0.7
99,2025-03-29,5,3,0,99,2130,79318.0,69589.26666666666,71219.02,57405.125,37667.392,0.7142857142857143,0.7,0.66,79318.0,79318.0,69589.26666666666,0.0,0.7142857142857143,0.7
100,2025-03-30,6,3,0,100,2130,79318.0,69589.26666666666,71219.02,57405.125,37667.392,0.7142857142857143,0.7,0.66,79318.0,79318.0,69589.26666666666,0.0,0.0,0.36666666666666664
101,2025-03-31,0,3,0,101,2130,79318.0,69589.26666666666,71219.02,57405.125,37667.392,0.7142857142857143,0.7,0.66,79318.0,79318.0,69589.26666666666,0.0,0.0,0.36666666666666664
102,2025-04-01,1,4,0,102,2130,79318.0,69589.26666666666,71219.02,57405.125,37667.392,0.7142857142857143,0.7,0.66,79318.0,79318.0,69589.26666666666,0.0,0.0,0.36666666666666664
103,2025-04-02,2,4,0,103,2130,79318.0,69589.26666666666,71219.02,57405.125,37667.392,0.7142857142857143,0.7,0.66,79318.0,79318.0,69589.26666666666,0.0,0.0,0.36666666666666664
104,2025-04-03,3,4,0,104,2130,79318.0,69589.26666666666,71219.02,57405.125,37667.392,0.7142857142857143,0.7,0.66,79318.0,79318.0,69589.26666666666,0.0,0.0,0.36666666666666664
105,2025-04-04,4,4,0,105,2130,79318.0,69589.26666666666,71219.02,57405.125,37667.392,0.7142857142857143,0.7,0.66,79318.0,79318.0,69589.26666666666,0.0,0.0,0.36666666666666664
106,2025-04-05,5,4,0,106,2130,79318.0,69589.26666666666,71219.02,57405.125,37667.392,0.7142857142857143,0.7,0.66,79318.0,79318.0,69589.26666666666,0.0,0.0,0.36666666666666664
107,2025-04-06,6,4,0,107,2130,79318.0,69589.26666666666,71219.02,57405.125,37667.392,0.7142857142857143,0.7,0.66,79318.0,79318.0,69589.26666666666,0.0,0.0,0.36666666666666664
108,2025-04-07,0,4,0,108,2130,79318.0,69589.26666666666,71219.02,57405.125,37667.392,0.7142857142857143,0.7,0.66,79318.0,79318.0,69589.26666666666,0.0,0.0,0.36666666666666664
109,2025-04-08,1,4,0,109,2130,79318.0,69589.26666666666,71219.02,57405.125,37667.392,0.7142857142857143,0.7,0.66,79318.0,79318.0,69589.26666666666,0.0,0.0,0.36666666666666664
110,2025-04-09,2,4,0,110,2130,79318.0,69589.26666666666,71219.02,57405.125,37667.392,0.7142857142857143,0.7,0.66,79318.0,79318.0,69589.26666666666,0.0,0.0,0.36666666666666664
111,2025-04-10,3,4,0,111,2130,79318.0,69589.26666666666,71219.02,57405.125,37667.392,0.7142857142857143,0.7,0.66,79318.0,79318.0,69589.26666666666,0.0,0.0,0.36666666666666664
112,2025-04-11,4,4,0,112,2130,79318.0,69589.26666666666,71219.02,57405.125,37667.392,0.7142857142857143,0.7,0.66,79318.0,79318.0,69589.26666666666,0.0,0.0,0.36666666666666664
113,2025-04-12,5,4,0,113,2130,79318.0,69589.26666666666,71219.02,57405.125,37667.392,0.7142857142857143,0.7,0.66,79318.0,79318.0,69589.26666666666,0.0,0.0,0.36666666666666664
114,2025-04-13,6,4,0,114,2130,79318.0,69589.26666666666,71219.02,57405.125,37667.392,0.7142857142857143,0.7,0.66,79318.0,79318.0,69589.26666666666,0.0,0.0,0.36666666666666664
115,2025-04-14,0,4,0,115,2130,79318.0,69589.26666666666,71219.02,57405.125,37667.392,0.7142857142857143,0.7,0.66,79318.0,79318.0,69589.26666666666,0.0,0.0,0.36666666666666664
116,2025-04-15,1,4,0,116,2130,79318.0,69589.26666666666,71219.02,57405.125,37667.392,0.7142857142857143,0.7,0.66,79318.0,79318.0,69589.26666666666,0.0,0.0,0.36666666666666664
117,2025-04-16,2,4,0,117,2130,79318.0,69589.26666666666,71219.02,57405.125,37667.392,0.7142857142857143,0.7,0.66,79318.0,79318.0,69589.26666666666,0.0,0.0,0.36666666666666664
118,2025-04-17,3,4,0,118,2130,79318.0,69589.26666666666,71219.02,57405.125,37667.392,0.7142857142857143,0.7,0.66,79318.0,79318.0,69589.26666666666,0.0,0.0,0.36666666666666664
119,2025-04-18,4,4,0,119,2130,79318.0,69589.26666666666,71219.02,57405.125,37667.392,0.7142857142857143,0.7,0.66,79318.0,79318.0,69589.26666666666,0.0,0.0,0.36666666666666664
120,2025-04-19,5,4,0,120,2130,79318.0,69589.26666666666,71219.02,57405.125,37667.392,0.7142857142857143,0.7,0.66,79318.0,79318.0,69589.26666666666,0.0,0.0,0.36666666666666664
121,2025-04-20,6,4,0,121,2130,79318.0,69589.26666666666,71219.02,57405.125,37667.392,0.7142857142857143,0.7,0.66,79318.0,79318.0,69589.26666666666,0.0,0.0,0.36666666666666664
122,2025-04-21,0,4,0,122,2130,79318.0,69589.26666666666,71219.02,57405.125,37667.392,0.7142857142857143,0.7,0.66,79318.0,79318.0,69589.26666666666,0.0,0.0,0.36666666666666664
123,2025-04-22,1,4,0,123,2130,79318.0,69589.26666666666,71219.02,57405.125,37667.392,0.7142857142857143,0.7,0.66,79318.0,79318.0,69589.26666666666,0.0,0.0,0.36666666666666664
124,2025-04-23,2,4,0,124,2130,79318.0,69589.26666666666,71219.02,57405.125,37667.392,0.7142857142857143,0.7,0.66,79318.0,79318.0,69589.26666666666,0.0,0.0,0.36666666666666664
125,2025-04-24,3,4,0,125,2130,79318.0,69589.26666666666,71219.02,57405.125,37667.392,0.7142857142857143,0.7,0.66,79318.0,79318.0,69589.26666666666,0.0,0.0,0.36666666666666664
126,2025-04-25,4,4,0,126,2130,79318.0,69589.26666666666,71219.02,57405.125,37667.392,0.7142857142857143,0.7,0.66,79318.0,79318.0,69589.26666666666,0.0,0.0,0.36666666666666664
127,2025-04-26,5,4,0,127,2130,79318.0,69589.26666666666,71219.02,57405.125,37667.392,0.7142857142857143,0.7,0.66,79318.0,79318.0,69589.26666666666,0.0,0.0,0.36666666666666664
128,2025-04-27,6,4,0,128,2130,79318.0,69589.26666666666,71219.02,57405.125,37667.392,0.7142857142857143,0.7,0.66,79318.0,79318.0,69589.26666666666,0.0,0.0,0.36666666666666664
129,2025-04-28,0,4,0,129,2130,79318.0,69589.26666666666,71219.02,57405.125,37667.392,0.7142857142857143,0.7,0.66,79318.0,79318.0,69589.26666666666,0.0,0.0,0.36666666666666664
130,2025-04-29,1,4,0,130,2130,79318.0,69589.26666666666,71219.02,57405.125,37667.392,0.7142857142857143,0.7,0.66,79318.0,79318.0,69589.26666666666,0.0,0.0,0.36666666666666664
131,2025-04-30,2,4,0,131,2130,79318.0,69589.26666666666,71219.02,57405.125,37667.392,0.7142857142857143,0.7,0.66,79318.0,79318.0,69589.26666666666,0.0,0.0,0.36666666666666664
132,2025-05-01,3,5,0,132,2130,79318.0,69589.26666666666,71219.02,57405.125,37667.392,0.7142857142857143,0.7,0.66,79318.0,79318.0,69589.26666666666,0.0,0.0,0.36666666666666664
133,2025-05-02,4,5,0,133,2130,79318.0,69589.26666666666,71219.02,57405.125,37667.392,0.7142857142857143,0.7,0.66,79318.0,79318.0,69589.26666666666,0.0,0.0,0.36666666666666664
134,2025-05-03,5,5,0,134,2130,79318.0,69589.26666666666,71219.02,57405.125,37667.392,0.7142857142857143,0.7,0.66,79318.0,79318.0,69589.26666666666,0.0,0.0,0.36666666666666664
135,2025-05-04,6,5,0,135,2130,79318.0,69589.26666666666,71219.02,57405.125,37667.392,0.7142857142857143,0.7,0.66,79318.0,79318.0,69589.26666666666,0.0,0.0,0.36666666666666664
136,2025-05-05,0,5,0,136,2130,79318.0,69589.26666666666,71219.02,57405.125,37667.392,0.7142857142857143,0.7,0.66,79318.0,79318.0,69589.26666666666,0.0,0.0,0.36666666666666664
137,2025-05-06,1,5,0,137,2130,79318.0,69589.26666666666,71219.02,57405.125,37667.392,0.7142857142857143,0.7,0.66,79318.0,79318.0,69589.26666666666,0.0,0.0,0.36666666666666664
138,2025-05-07,2,5,0,138,2130,79318.0,69589.26666666666,71219.02,57405.125,37667.392,0.7142857142857143,0.7,0.66,79318.0,79318.0,69589.26666666666,0.0,0.0,0.36666666666666664
139,2025-05-08,3,5,0,139,2130,79318.0,69589.26666666666,71219.02,57405.125,37667.392,0.7142857142857143,0.7,0.66,79318.0,79318.0,69589.26666666666,0.0,0.0,0.36666666666666664
140,2025-05-09,4,5,0,140,2130,79318.0,69589.26666666666,71219.02,57405.125,37667.392,0.7142857142857143,0.7,0.66,79318.0,79318.0,69589.26666666666,0.0,0.0,0.36666666666666664
141,2025-05-10,5,5,0,141,2130,79318.0,69589.26666666666,71219.02,57405.125,37667.392,0.7142857142857143,0.7,0.66,79318.0,79318.0,69589.26666666666,0.0,0.0,0.36666666666666664
142,2025-05-11,6,5,0,142,2130,79318.0,69589.26666666666,71219.02,57405.125,37667.392,0.7142857142857143,0.7,0.66,79318.0,79318.0,69589.26666666666,0.0,0.0,0.36666666666666664
143,2025-05-12,0,5,0,143,2130,79318.0,69589.26666666666,71219.02,57405.125,37667.392,0.7142857142857143,0.7,0.66,79318.0,79318.0,69589.26666666666,0.0,0.0,0.36666666666666664
144,2025-05-13,1,5,0,144,2130,79318.0,69589.26666666666,71219.02,57405.125,37667.392,0.7142857142857143,0.7,0.66,79318.0,79318.0,69589.26666666666,0.0,0.0,0.36666666666666664
145,2025-05-14,2,5,0,145,2130,79318.0,69589.26666666666,71219.02,57405.125,37667.392,0.7142857142857143,0.7,0.66,79318.0,79318.0,69589.26666666666,0.0,0.0,0.36666666666666664
146,2025-05-15,3,5,0,146,2130,79318.0,69589.26666666666,71219.02,57405.125,37667.392,0.7142857142857143,0.7,0.66,79318.0,79318.0,69589.26666666666,0.0,0.0,0.36666666666666664
147,2025-05-16,4,5,0,147,2130,79318.0,69589.26666666666,71219.02,57405.125,37667.392,0.7142857142857143,0.7,0.66,79318.0,79318.0,69589.26666666666,0.0,0.0,0.36666666666666664
148,2025-05-17,5,5,0,148,2130,79318.0,69589.26666666666,71219.02,57405.125,37667.392,0.7142857142857143,0.7,0.66,79318.0,79318.0,69589.26666666666,0.0,0.0,0.36666666666666664
149,2025-05-18,6,5,0,149,2130,79318.0,69589.26666666666,71219.02,57405.125,37667.392,0.7142857142857143,0.7,0.66,79318.0,79318.0,69589.26666666666,0.0,0.0,0.36666666666666664
150,2025-05-19,0,5,0,150,2130,79318.0,69589.26666666666,71219.02,57405.125,37667.392,0.7142857142857143,0.7,0.66,79318.0,79318.0,69589.26666666666,0.0,0.0,0.36666666666666664
151,2025-05-20,1,5,0,151,2130,79318.0,69589.26666666666,71219.02,57405.125,37667.392,0.7142857142857143,0.7,0.66,79318.0,79318.0,69589.26666666666,0.0,0.0,0.36666666666666664
152,2025-05-21,2,5,0,152,2130,79318.0,69589.26666666666,71219.02,57405.125,37667.392,0.7142857142857143,0.7,0.66,79318.0,79318.0,69589.26666666666,0.0,0.0,0.36666666666666664
153,2025-05-22,3,5,0,153,2130,79318.0,69589.26666666666,71219.02,57405.125,37667.392,0.7142857142857143,0.7,0.66,79318.0,79318.0,69589.26666666666,0.0,0.0,0.36666666666666664
154,2025-05-23,4,5,0,154,2130,79318.0,69589.26666666666,71219.02,57405.125,37667.392,0.7142857142857143,0.7,0.66,79318.0,79318.0,69589.26666666666,0.0,0.0,0.36666666666666664
155,2025-05-24,5,5,0,155,2130,79318.0,69589.26666666666,71219.02,57405.125,37667.392,0.7142857142857143,0.7,0.66,79318.0,79318.0,69589.26666666666,0.0,0.0,0.36666666666666664
156,2025-05-25,6,5,0,156,2130,79318.0,69589.26666666666,71219.02,57405.125,37667.392,0.7142857142857143,0.7,0.66,79318.0,79318.0,69589.26666666666,0.0,0.0,0.36666666666666664
157,2025-05-26,0,5,0,157,2130,79318.0,69589.26666666666,71219.02,57405.125,37667.392,0.7142857142857143,0.7,0.66,79318.0,79318.0,69589.26666666666,0.0,0.0,0.36666666666666664
158,2025-05-27,1,5,0,158,2130,79318.0,69589.26666666666,71219.02,57405.125,37667.392,0.7142857142857143,0.7,0.66,79318.0,79318.0,69589.26666666666,0.0,0.0,0.36666666666666664
159,2025-05-28,2,5,0,159,2130,79318.0,69589.26666666666,71219.02,57405.125,37667.392,0.7142857142857143,0.7,0.66,79318.0,79318.0,69589.26666666666,0.0,0.0,0.36666666666666664
160,2025-05-29,3,5,0,160,2130,79318.0,69589.26666666666,71219.02,57405.125,37667.392,0.7142857142857143,0.7,0.66,79318.0,79318.0,69589.26666666666,0.0,0.0,0.36666666666666664
161,2025-05-30,4,5,0,161,2130,79318.0,69589.26666666666,71219.02,57405.125,37667.392,0.7142857142857143,0.7,0.66,79318.0,79318.0,69589.26666666666,0.0,0.0,0.36666666666666664
162,2025-05-31,5,5,0,162,2130,79318.0,69589.26666666666,71219.02,57405.125,37667.392,0.7142857142857143,0.7,0.66,79318.0,79318.0,69589.26666666666,0.0,0.0,0.36666666666666664
0,2024-12-20,4,12,0,0,3126,15994.285714285714,19484.0,18645.0,16139.6,16940.5,0.5714285714285714,0.5666666666666667,0.52,16420.0,16628.571428571428,13071.333333333334,0.42857142857142855,0.5714285714285714,0.4
1,2024-12-21,5,12,0,1,3126,15994.285714285714,19484.0,18645.0,16139.6,16940.5,0.5714285714285714,0.5666666666666667,0.52,19657.14285714286,16725.714285714286,13863.333333333334,0.5714285714285714,0.5714285714285714,0.43333333333333335
2,2024-12-22,6,12,0,2,3126,15994.285714285714,19484.0,18645.0,16139.6,16940.5,0.5714285714285714,0.5666666666666667,0.52,25700.0,16725.714285714286,13863.333333333334,0.7142857142857143,0.5714285714285714,0.43333333333333335
3,2024-12-23,0,12,0,3,3126,15994.285714285714,19484.0,18645.0,16139.6,16940.5,0.5714285714285714,0.5666666666666667,0.52,25700.0,16725.714285714286,13863.333333333334,0.7142857142857143,0.5714285714285714,0.43333333333333335
4,2024-12-24,1,12,0,4,3126,15994.285714285714,19484.0,18645.0,16139.6,16940.5,0.5714285714285714,0.5666666666666667,0.52,25700.0,16725.714285714286,13863.333333333334,0.7142857142857143,0.5714285714285714,0.43333333333333335
5,2024-12-25,2,12,1,5,3126,15994.285714285714,19484.0,18645.0,16139.6,16940.5,0.5714285714285714,0.5666666666666667,0.52,19028.571428571428,13331.42857142857,13863.333333333334,0.5714285714285714,0.42857142857142855,0.43333333333333335
6,2024-12-26,3,12,1,6,3126,15994.285714285714,19484.0,18645.0,16139.6,16940.5,0.5714285714285714,0.5666666666666667,0.52,19120.0,6700.0,13863.333333333334,0.5714285714285714,0.2857142857142857,0.43333333333333335
7,2024-12-27,4,12,0,7,3126,15994.285714285714,19484.0,18645.0,16139.6,16940.5,0.5714285714285714,0.5666666666666667,0.52,15994.285714285714,10048.57142857143,15416.0,0.5714285714285714,0.2857142857142857,0.4666666666666667
8,2024-12-28,5,12,0,8,3126,15994.285714285714,19484.0,18645.0,16139.6,16940.5,0.5714285714285714,0.5666666666666667,0.52,19008.571428571428,13380.0,16985.333333333332,0.5714285714285714,0.2857142857142857,0.5
9,2024-12-29,6,12,0,9,3126,15994.285714285714,19484.0,18645.0,16139.6,16940.5,0.5714285714285714,0.5666666666666667,0.52,16002.857142857143,20057.14285714286,18543.333333333332,0.5714285714285714,0.42857142857142855,0.5333333333333333
10,2024-12-30,0,12,0,10,3126,15994.285714285714,19484.0,18645.0,16139.6,16940.5,0.5714285714285714,0.5666666666666667,0.52,16002.857142857143,20057.14285714286,18543.333333333332,0.5714285714285714,0.42857142857142855,0.5333333333333333
11,2024-12-31,1,12,0,11,3126,15994.285714285714,19484.0,18645.0,16139.6,16940.5,0.5714285714285714,0.5666666666666667,0.52,16002.857142857143,20057.14285714286,18543.333333333332,0.5714285714285714,0.42857142857142855,0.5333333333333333
12,2025-01-01,2,1,0,12,3126,15994.285714285714,19484.0,18645.0,16139.6,16940.5,0.5714285714285714,0.5666666666666667,0.52,16002.857142857143,26680.0,20088.666666666668,0.5714285714285714,0.5714285714285714,0.5666666666666667
13,2025-01-02,3,1,0,13,3126,15994.285714285714,19484.0,18645.0,16139.6,16940.5,0.5714285714285714,0.5666666666666667,0.52,18942.85714285714,33402.857142857145,21657.333333333332,0.5714285714285714,0.7142857142857143,0.6
14,2025-01-03,4,1,0,14,3126,15994.285714285714,19484.0,18645.0,16139.6,16940.5,0.5714285714285714,0.5666666666666667,0.52,18671.428571428572,33317.142857142855,22396.0,0.5714285714285714,0.7142857142857143,0.6
15,2025-01-04,5,1,0,15,3126,15994.285714285714,19484.0,18645.0,16139.6,16940.5,0.5714285714285714,0.5666666666666667,0.52,18894.285714285714,33165.71428571428,22396.0,0.5714285714285714,0.7142857142857143,0.6
16,2025-01-05,6,1,0,16,3126,15994.285714285714,19484.0,18645.0,16139.6,16940.5,0.5714285714285714,0.5666666666666667,0.52,15857.142857142857,33080.0,23167.333333333332,0.42857142857142855,0.7142857142857143,0.6
17,2025-01-06,0,1,0,17,3126,15994.285714285714,19484.0,18645.0,16139.6,16940.5,0.5714285714285714,0.5666666666666667,0.52,15857.142857142857,33080.0,22410.666666666668,0.42857142857142855,0.7142857142857143,0.5666666666666667
18,2025-01-07,1,1,0,18,3126,15994.285714285714,19484.0,18645.0,16139.6,16940.5,0.5714285714285714,0.5666666666666667,0.52,15857.142857142857,33080.0,20875.333333333332,0.42857142857142855,0.7142857142857143,0.5333333333333333
19,2025-01-08,2,1,0,19,3126,15994.285714285714,19484.0,18645.0,16139.6,16940.5,0.5714285714285714,0.5666666666666667,0.52,22394.285714285714,33025.71428571428,22408.0,0.5714285714285714,0.7142857142857143,0.5666666666666667
20,2025-01-09,3,1,0,20,3126,15994.285714285714,19484.0,18645.0,16139.6,16940.5,0.5714285714285714,0.5666666666666667,0.52,16017.142857142857,32971.42857142857,23964.0,0.42857142857142855,0.7142857142857143,0.6
21,2025-01-10,4,1,0,21,3126,15994.285714285714,19484.0,18645.0,16139.6,16940.5,0.5714285714285714,0.5666666666666667,0.52,19697.14285714286,26402.85714285714,22462.666666666668,0.42857142857142855,0.5714285714285714,0.5666666666666667
22,2025-01-11,5,1,0,22,3126,15994.285714285714,19484.0,18645.0,16139.6,16940.5,0.5714285714285714,0.5666666666666667,0.52,19965.714285714286,19828.571428571428,20906.0,0.42857142857142855,0.42857142857142855,0.5333333333333333
23,2025-01-12,6,1,0,23,3126,15994.285714285714,19484.0,18645.0,16139.6,16940.5,0.5714285714285714,0.5666666666666667,0.52,26322.85714285714,13237.142857142857,20159.333333333332,0.5714285714285714,0.2857142857142857,0.5
24,2025-01-13,0,1,0,24,3126,15994.285714285714,19484.0,18645.0,16139.6,16940.5,0.5714285714285714,0.5666666666666667,0.52,26322.85714285714,13237.142857142857,19390.0,0.5714285714285714,0.2857142857142857,0.4666666666666667
25,2025-01-14,1,1,0,25,3126,15994.285714285714,19484.0,18645.0,16139.6,16940.5,0.5714285714285714,0.5666666666666667,0.52,26322.85714285714,13237.142857142857,19390.0,0.5714285714285714,0.2857142857142857,0.4666666666666667
26,2025-01-15,2,1,0,26,3126,15994.285714285714,19484.0,18645.0,16139.6,16940.5,0.5714285714285714,0.5666666666666667,0.52,23025.714285714286,9937.142857142857,20152.666666666668,0.5714285714285714,0.2857142857142857,0.5
27,2025-01-16,3,1,0,27,3126,15994.285714285714,19484.0,18645.0,16139.6,16940.5,0.5714285714285714,0.5666666666666667,0.52,25985.714285714286,9780.0,21672.0,0.7142857142857143,0.2857142857142857,0.5333333333333333
28,2025-01-17,4,1,0,28,3126,15994.285714285714,19484.0,18645.0,16139.6,16940.5,0.5714285714285714,0.5666666666666667,0.52,19300.0,13068.57142857143,21647.333333333332,0.5714285714285714,0.42857142857142855,0.5333333333333333
29,2025-01-18,5,1,0,29,3126,15994.285714285714,19484.0,18645.0,16139.6,16940.5,0.5714285714285714,0.5666666666666667,0.52,15994.285714285714,16428.571428571428,20884.0,0.5714285714285714,0.5714285714285714,0.5333333333333333
30,2025-01-19,6,1,0,30,3126,15994.285714285714,19484.0,18645.0,16139.6,16940.5,0.5714285714285714,0.5666666666666667,0.52,15994.285714285714,19685.714285714286,20872.666666666668,0.7142857142857143,0.7142857142857143,0.5333333333333333
31,2025-01-20,0,1,0,31,3126,15994.285714285714,19484.0,18645.0,16139.6,16940.5,0.5714285714285714,0.5666666666666667,0.52,15994.285714285714,19685.714285714286,20080.666666666668,0.7142857142857143,0.7142857142857143,0.5
32,2025-01-21,1,1,0,32,3126,15994.285714285714,19484.0,18645.0,16139.6,16940.5,0.5714285714285714,0.5666666666666667,0.52,15994.285714285714,19685.714285714286,20080.666666666668,0.7142857142857143,0.7142857142857143,0.5
33,2025-01-22,2,1,0,33,3126,15994.285714285714,19484.0,18645.0,16139.6,16940.5,0.5714285714285714,0.5666666666666667,0.52,15994.285714285714,23105.714285714286,21641.333333333332,0.7142857142857143,0.7142857142857143,0.5333333333333333
34,2025-01-23,3,1,0,34,3126,15994.285714285714,19484.0,18645.0,16139.6,16940.5,0.5714285714285714,0.5666666666666667,0.52,15994.285714285714,19828.571428571428,22396.0,0.7142857142857143,0.7142857142857143,0.5666666666666667
35,2025-01-24,4,1,0,35,3126,15994.285714285714,19484.0,18645.0,16139.6,16940.5,0.5714285714285714,0.5666666666666667,0.52,15994.285714285714,19737.14285714286,23142.0,0.7142857142857143,0.7142857142857143,0.6
36,2025-01-25,5,1,0,36,3126,15994.285714285714,19484.0,18645.0,16139.6,16940.5,0.5714285714285714,0.5666666666666667,0.52,15994.285714285714,19688.571428571428,23914.666666666668,0.7142857142857143,0.7142857142857143,0.6333333333333333
37,2025-01-26,6,1,0,37,3126,15994.285714285714,19484.0,18645.0,16139.6,16940.5,0.5714285714285714,0.5666666666666667,0.52,15994.285714285714,19682.85714285714,23120.666666666668,0.7142857142857143,0.7142857142857143,0.6333333333333333
38,2025-01-27,0,1,0,38,3126,15994.285714285714,19484.0,18645.0,16139.6,16940.5,0.5714285714285714,0.5666666666666667,0.52,15994.285714285714,19682.85714285714,21551.333333333332,0.7142857142857143,0.7142857142857143,0.6
39,2025-01-28,1,1,0,39,3126,15994.285714285714,19484.0,18645.0,16139.6,16940.5,0.5714285714285714,0.5666666666666667,0.52,15994.285714285714,19682.85714285714,19993.333333333332,0.7142857142857143,0.7142857142857143,0.5666666666666667
40,2025-01-29,2,1,0,40,3126,15994.285714285714,19484.0,18645.0,16139.6,16940.5,0.5714285714285714,0.5666666666666667,0.52,15994.285714285714,19685.714285714286,21554.666666666668,0.7142857142857143,0.7142857142857143,0.6
41,2025-01-30,3,1,0,41,3126,15994.285714285714,19484.0,18645.0,16139.6,16940.5,0.5714285714285714,0.5666666666666667,0.52,15994.285714285714,19708.571428571428,22314.666666666668,0.7142857142857143,0.7142857142857143,0.6333333333333333
42,2025-01-31,4,1,0,42,3126,15994.285714285714,19484.0,18645.0,16139.6,16940.5,0.5714285714285714,0.5666666666666667,0.52,15994.285714285714,19900.0,21560.0,0.7142857142857143,0.7142857142857143,0.6333333333333333
43,2025-02-01,5,2,0,43,3126,15994.285714285714,19484.0,18645.0,16139.6,16940.5,0.5714285714285714,0.5666666666666667,0.52,15994.285714285714,23231.428571428572,21541.333333333332,0.7142857142857143,0.7142857142857143,0.6333333333333333
44,2025-02-02,6,2,0,44,3126,15994.285714285714,19484.0,18645.0,16139.6,16940.5,0.5714285714285714,0.5666666666666667,0.52,15994.285714285714,23265.714285714286,20775.333333333332,0.7142857142857143,0.7142857142857143,0.6333333333333333
45,2025-02-03,0,2,0,45,3126,15994.285714285714,19484.0,18645.0,16139.6,16940.5,0.5714285714285714,0.5666666666666667,0.52,15994.285714285714,23265.714285714286,19241.333333333332,0.7142857142857143,0.7142857142857143,0.6
46,2025-02-04,1,2,0,46,3126,15994.285714285714,19484.0,18645.0,16139.6,16940.5,0.5714285714285714,0.5666666666666667,0.52,15994.285714285714,23265.714285714286,17703.333333333332,0.7142857142857143,0.7142857142857143,0.5666666666666667
47,2025-02-05,2,2,0,47,3126,15994.285714285714,19484.0,18645.0,16139.6,16940.5,0.5714285714285714,0.5666666666666667,0.52,15994.285714285714,20011.428571428572,18505.333333333332,0.7142857142857143,0.7142857142857143,0.6
48,2025-02-06,3,2,0,48,3126,15994.285714285714,19484.0,18645.0,16139.6,16940.5,0.5714285714285714,0.5666666666666667,0.52,15994.285714285714,16754.285714285714,18505.333333333332,0.7142857142857143,0.5714285714285714,0.6
49,2025-02-07,4,2,0,49,3126,15994.285714285714,19484.0,18645.0,16139.6,16940.5,0.5714285714285714,0.5666666666666667,0.52,15994.285714285714,13365.714285714286,16972.666666666668,0.7142857142857143,0.42857142857142855,0.5666666666666667
50,2025-02-08,5,2,0,50,3126,15994.285714285714,19484.0,18645.0,16139.6,16940.5,0.5714285714285714,0.5666666666666667,0.52,15994.285714285714,6722.857142857143,15416.666666666666,0.7142857142857143,0.2857142857142857,0.5333333333333333
51,2025-02-09,6,2,0,51,3126,15994.285714285714,19484.0,18645.0,16139.6,16940.5,0.5714285714285714,0.5666666666666667,0.52,15994.285714285714,3437.1428571428573,15416.666666666666,0.7142857142857143,0.14285714285714285,0.5333333333333333
52,2025-02-10,0,2,0,52,3126,15994.285714285714,19484.0,18645.0,16139.6,16940.5,0.5714285714285714,0.5666666666666667,0.52,15994.285714285714,3437.1428571428573,15416.666666666666,0.7142857142857143,0.14285714285714285,0.5333333333333333
53,2025-02-11,1,2,0,53,3126,15994.285714285714,19484.0,18645.0,16139.6,16940.5,0.5714285714285714,0.5666666666666667,0.52,15994.285714285714,3437.1428571428573,15416.666666666666,0.7142857142857143,0.14285714285714285,0.5333333333333333
54,2025-02-12,2,2,0,54,3126,15994.285714285714,19484.0,18645.0,16139.6,16940.5,0.5714285714285714,0.5666666666666667,0.52,15994.285714285714,6734.285714285715,16988.0,0.7142857142857143,0.14285714285714285,0.5666666666666667
55,2025-02-13,3,2,0,55,3126,15994.285714285714,19484.0,18645.0,16139.6,16940.5,0.5714285714285714,0.5666666666666667,0.52,15994.285714285714,13571.42857142857,18583.333333333332,0.7142857142857143,0.2857142857142857,0.6
56,2025-02-14,4,2,0,56,3126,15994.285714285714,19484.0,18645.0,16139.6,16940.5,0.5714285714285714,0.5666666666666667,0.52,15994.285714285714,20162.85714285714,19358.666666666668,0.7142857142857143,0.42857142857142855,0.6
57,2025-02-15,5,2,0,57,3126,15994.285714285714,19484.0,18645.0,16139.6,16940.5,0.5714285714285714,0.5666666666666667,0.52,15994.285714285714,26945.714285714286,19422.0,0.7142857142857143,0.5714285714285714,0.6
58,2025-02-16,6,2,0,58,3126,15994.285714285714,19484.0,18645.0,16139.6,16940.5,0.5714285714285714,0.5666666666666667,0.52,15994.285714285714,26945.714285714286,18654.666666666668,0.7142857142857143,0.5714285714285714,0.5666666666666667
59,2025-02-17,0,2,0,59,3126,15994.285714285714,19484.0,18645.0,16139.6,16940.5,0.5714285714285714,0.5666666666666667,0.52,15994.285714285714,26945.714285714286,17870.666666666668,0.7142857142857143,0.5714285714285714,0.5333333333333333
60,2025-02-18,1,2,0,60,3126,15994.285714285714,19484.0,18645.0,16139.6,16940.5,0.5714285714285714,0.5666666666666667,0.52,15994.285714285714,26945.714285714286,17110.666666666668,0.7142857142857143,0.5714285714285714,0.5
61,2025-02-19,2,2,0,61,3126,15994.285714285714,19484.0,18645.0,16139.6,16940.5,0.5714285714285714,0.5666666666666667,0.52,15994.285714285714,26957.14285714286,18684.666666666668,0.7142857142857143,0.5714285714285714,0.5333333333333333
62,2025-02-20,3,2,0,62,3126,15994.285714285714,19484.0,18645.0,16139.6,16940.5,0.5714285714285714,0.5666666666666667,0.52,15994.285714285714,20120.0,18684.666666666668,0.7142857142857143,0.42857142857142855,0.5333333333333333
63,2025-02-21,4,2,0,63,3126,15994.285714285714,19484.0,18645.0,16139.6,16940.5,0.5714285714285714,0.5666666666666667,0.52,15994.285714285714,13528.57142857143,17124.0,0.7142857142857143,0.2857142857142857,0.5
64,2025-02-22,5,2,0,64,3126,15994.285714285714,19484.0,18645.0,16139.6,16940.5,0.5714285714285714,0.5666666666666667,0.52,15994.285714285714,6745.714285714285,16369.333333333334,0.7142857142857143,0.14285714285714285,0.4666666666666667
65,2025-02-23,6,2,0,65,3126,15994.285714285714,19484.0,18645.0,16139.6,16940.5,0.5714285714285714,0.5666666666666667,0.52,15994.285714285714,6745.714285714285,15623.333333333334,0.7142857142857143,0.14285714285714285,0.43333333333333335
66,2025-02-24,0,2,0,66,3126,15994.285714285714,19484.0,18645.0,16139.6,16940.5,0.5714285714285714,0.5666666666666667,0.52,15994.285714285714,6745.714285714285,14850.666666666666,0.7142857142857143,0.14285714285714285,0.4
67,2025-02-25,1,2,0,67,3126,15994.285714285714,19484.0,18645.0,16139.6,16940.5,0.5714285714285714,0.5666666666666667,0.52,15994.285714285714,6745.714285714285,14092.0,0.7142857142857143,0.14285714285714285,0.36666666666666664
68,2025-02-26,2,2,0,68,3126,15994.285714285714,19484.0,18645.0,16139.6,16940.5,0.5714285714285714,0.5666666666666667,0.52,15994.285714285714,6671.428571428572,15648.666666666666,0.7142857142857143,0.14285714285714285,0.4
69,2025-02-27,3,2,0,69,3126,15994.285714285714,19484.0,18645.0,16139.6,16940.5,0.5714285714285714,0.5666666666666667,0.52,15994.285714285714,10017.142857142857,16429.333333333332,0.7142857142857143,0.2857142857142857,0.43333333333333335
70,2025-02-28,4,2,0,70,3126,15994.285714285714,19484.0,18645.0,16139.6,16940.5,0.5714285714285714,0.5666666666666667,0.52,15994.285714285714,16420.0,16362.0,0.7142857142857143,0.42857142857142855,0.43333333333333335
71,2025-03-01,5,3,0,71,3126,15994.285714285714,19484.0,18645.0,16139.6,16940.5,0.5714285714285714,0.5666666666666667,0.52,15994.285714285714,19657.14285714286,16357.333333333334,0.7142857142857143,0.5714285714285714,0.43333333333333335
72,2025-03-02,6,3,0,72,3126,15994.285714285714,19484.0,18645.0,16139.6,16940.5,0.5714285714285714,0.5666666666666667,0.52,15994.285714285714,25700.0,16976.666666666668,0.7142857142857143,0.7142857142857143,0.43333333333333335
73,2025-03-03,0,3,0,73,3126,15994.285714285714,19484.0,18645.0,16139.6,16940.5,0.5714285714285714,0.5666666666666667,0.52,15994.285714285714,25700.0,15426.666666666666,0.7142857142857143,0.7142857142857143,0.4
74,2025-03-04,1,3,0,74,3126,15994.285714285714,19484.0,18645.0,16139.6,16940.5,0.5714285714285714,0.5666666666666667,0.52,15994.285714285714,25700.0,14660.0,0.7142857142857143,0.7142857142857143,0.36666666666666664
75,2025-03-05,2,3,0,75,3126,15994.285714285714,19484.0,18645.0,16139.6,16940.5,0.5714285714285714,0.5666666666666667,0.52,15994.285714285714,19028.571428571428,14660.0,0.7142857142857143,0.5714285714285714,0.36666666666666664
76,2025-03-06,3,3,0,76,3126,15994.285714285714,19484.0,18645.0,16139.6,16940.5,0.5714285714285714,0.5666666666666667,0.52,15994.285714285714,19120.0,15462.0,0.7142857142857143,0.5714285714285714,0.4
77,2025-03-07,4,3,0,77,3126,15994.285714285714,19484.0,18645.0,16139.6,16940.5,0.5714285714285714,0.5666666666666667,0.52,15994.285714285714,15994.285714285714,15424.666666666666,0.7142857142857143,0.5714285714285714,0.4
78,2025-03-08,5,3,0,78,3126,15994.285714285714,19484.0,18645.0,16139.6,16940.5,0.5714285714285714,0.5666666666666667,0.52,15994.285714285714,19008.571428571428,16883.333333333332,0.7142857142857143,0.5714285714285714,0.43333333333333335
79,2025-03-09,6,3,0,79,3126,15994.285714285714,19484.0,18645.0,16139.6,16940.5,0.5714285714285714,0.5666666666666667,0.52,15994.285714285714,16002.857142857143,17592.0,0.7142857142857143,0.5714285714285714,0.4666666666666667
80,2025-03-10,0,3,0,80,3126,15994.285714285714,19484.0,18645.0,16139.6,16940.5,0.5714285714285714,0.5666666666666667,0.52,15994.285714285714,16002.857142857143,17592.0,0.7142857142857143,0.5714285714285714,0.4666666666666667
81,2025-03-11,1,3,0,81,3126,15994.285714285714,19484.0,18645.0,16139.6,16940.5,0.5714285714285714,0.5666666666666667,0.52,15994.285714285714,16002.857142857143,17592.0,0.7142857142857143,0.5714285714285714,0.4666666666666667
82,2025-03-12,2,3,0,82,3126,15994.285714285714,19484.0,18645.0,16139.6,16940.5,0.5714285714285714,0.5666666666666667,0.52,15994.285714285714,16002.857142857143,17592.0,0.7142857142857143,0.5714285714285714,0.4666666666666667
83,2025-03-13,3,3,0,83,3126,15994.285714285714,19484.0,18645.0,16139.6,16940.5,0.5714285714285714,0.5666666666666667,0.52,15994.285714285714,18942.85714285714,19080.0,0.7142857142857143,0.5714285714285714,0.5
84,2025-03-14,4,3,0,84,3126,15994.285714285714,19484.0,18645.0,16139.6,16940.5,0.5714285714285714,0.5666666666666667,0.52,15994.285714285714,18671.428571428572,18210.0,0.7142857142857143,0.5714285714285714,0.5
85,2025-03-15,5,3,0,85,3126,15994.285714285714,19484.0,18645.0,16139.6,16940.5,0.5714285714285714,0.5666666666666667,0.52,15994.285714285714,18894.285714285714,18125.333333333332,0.7142857142857143,0.5714285714285714,0.5
86,2025-03-16,6,3,0,86,3126,15994.285714285714,19484.0,18645.0,16139.6,16940.5,0.5714285714285714,0.5666666666666667,0.52,15994.285714285714,15857.142857142857,16587.333333333332,0.7142857142857143,0.42857142857142855,0.4666666666666667
87,2025-03-17,0,3,0,87,3126,15994.285714285714,19484.0,18645.0,16139.6,16940.5,0.5714285714285714,0.5666666666666667,0.52,15994.285714285714,15857.142857142857,15004.666666666666,0.7142857142857143,0.42857142857142855,0.43333333333333335
88,2025-03-18,1,3,0,88,3126,15994.285714285714,19484.0,18645.0,16139.6,16940.5,0.5714285714285714,0.5666666666666667,0.52,15994.285714285714,15857.142857142857,15004.666666666666,0.7142857142857143,0.42857142857142855,0.43333333333333335
89,2025-03-19,2,3,0,89,3126,15994.285714285714,19484.0,18645.0,16139.6,16940.5,0.5714285714285714,0.5666666666666667,0.52,15994.285714285714,22394.285714285714,16530.0,0.7142857142857143,0.5714285714285714,0.4666666666666667
90,2025-03-20,3,3,0,90,3126,15994.285714285714,19484.0,18645.0,16139.6,16940.5,0.5714285714285714,0.5666666666666667,0.52,15994.285714285714,16017.142857142857,16530.0,0.7142857142857143,0.42857142857142855,0.4666666666666667
91,2025-03-21,4,3,0,91,3126,15994.285714285714,19484.0,18645.0,16139.6,16940.5,0.5714285714285714,0.5666666666666667,0.52,15994.285714285714,19697.14285714286,16516.0,0.7142857142857143,0.42857142857142855,0.4666666666666667
92,2025-03-22,5,3,0,92,3126,15994.285714285714,19484.0,18645.0,16139.6,16940.5,0.5714285714285714,0.5666666666666667,0.52,15994.285714285714,19965.714285714286,18089.333333333332,0.7142857142857143,0.42857142857142855,0.5
93,2025-03-23,6,3,0,93,3126,15994.285714285714,19484.0,18645.0,16139.6,16940.5,0.5714285714285714,0.5666666666666667,0.52,15994.285714285714,26322.85714285714,19572.666666666668,0.7142857142857143,0.5714285714285714,0.5333333333333333
94,2025-03-24,0,3,0,94,3126,15994.285714285714,19484.0,18645.0,16139.6,16940.5,0.5714285714285714,0.5666666666666667,0.52,15994.285714285714,26322.85714285714,19572.666666666668,0.7142857142857143,0.5714285714285714,0.5333333333333333
95,2025-03-25,1,3,0,95,3126,15994.285714285714,19484.0,18645.0,16139.6,16940.5,0.5714285714285714,0.5666666666666667,0.52,15994.285714285714,26322.85714285714,19572.666666666668,0.7142857142857143,0.5714285714285714,0.5333333333333333
96,2025-03-26,2,3,0,96,3126,15994.285714285714,19484.0,18645.0,16139.6,16940.5,0.5714285714285714,0.5666666666666667,0.52,15994.285714285714,23025.714285714286,20328.666666666668,0.7142857142857143,0.5714285714285714,0.5666666666666667
97,2025-03-27,3,3,0,97,3126,15994.285714285714,19484.0,18645.0,16139.6,16940.5,0.5714285714285714,0.5666666666666667,0.52,15994.285714285714,25985.714285714286,21019.333333333332,0.7142857142857143,0.7142857142857143,0.6
98,2025-03-28,4,3,0,98,3126,15994.285714285714,19484.0,18645.0,16139.6,16940.5,0.5714285714285714,0.5666666666666667,0.52,15994.285714285714,19300.0,19462.666666666668,0.7142857142857143,0.5714285714285714,0.5666666666666667
99,2025-03-29,5,3,0,99,3126,15994.285714285714,19484.0,18645.0,16139.6,16940.5,0.5714285714285714,0.5666666666666667,0.52,15994.285714285714,15994.285714285714,19484.0,0.7142857142857143,0.5714285714285714,0.5666666666666667
100,2025-03-30,6,3,0,100,3126,15994.285714285714,19484.0,18645.0,16139.6,16940.5,0.5714285714285714,0.5666666666666667,0.52,15994.285714285714,15994.285714285714,19484.0,0.7142857142857143,0.7142857142857143,0.5
101,2025-03-31,0,3,0,101,3126,15994.285714285714,19484.0,18645.0,16139.6,16940.5,0.5714285714285714,0.5666666666666667,0.52,15994.285714285714,15994.285714285714,19484.0,0.7142857142857143,0.7142857142857143,0.5
102,2025-04-01,1,4,0,102,3126,15994.285714285714,19484.0,18645.0,16139.6,16940.5,0.5714285714285714,0.5666666666666667,0.52,15994.285714285714,15994.285714285714,19484.0,0.7142857142857143,0.7142857142857143,0.5
103,2025-04-02,2,4,0,103,3126,15994.285714285714,19484.0,18645.0,16139.6,16940.5,0.5714285714285714,0.5666666666666667,0.52,15994.285714285714,15994.285714285714,19484.0,0.7142857142857143,0.7142857142857143,0.5
104,2025-04-03,3,4,0,104,3126,15994.285714285714,19484.0,18645.0,16139.6,16940.5,0.5714285714285714,0.5666666666666667,0.52,15994.285714285714,15994.285714285714,19484.0,0.7142857142857143,0.7142857142857143,0.5
105,2025-04-04,4,4,0,105,3126,15994.285714285714,19484.0,18645.0,16139.6,16940.5,0.5714285714285714,0.5666666666666667,0.52,15994.285714285714,15994.285714285714,19484.0,0.7142857142857143,0.7142857142857143,0.5
106,2025-04-05,5,4,0,106,3126,15994.285714285714,19484.0,18645.0,16139.6,16940.5,0.5714285714285714,0.5666666666666667,0.52,15994.285714285714,15994.285714285714,19484.0,0.7142857142857143,0.7142857142857143,0.5
107,2025-04-06,6,4,0,107,3126,15994.285714285714,19484.0,18645.0,16139.6,16940.5,0.5714285714285714,0.5666666666666667,0.52,15994.285714285714,15994.285714285714,19484.0,0.7142857142857143,0.7142857142857143,0.5
108,2025-04-07,0,4,0,108,3126,15994.285714285714,19484.0,18645.0,16139.6,16940.5,0.5714285714285714,0.5666666666666667,0.52,15994.285714285714,15994.285714285714,19484.0,0.7142857142857143,0.7142857142857143,0.5
109,2025-04-08,1,4,0,109,3126,15994.285714285714,19484.0,18645.0,16139.6,16940.5,0.5714285714285714,0.5666666666666667,0.52,15994.285714285714,15994.285714285714,19484.0,0.7142857142857143,0.7142857142857143,0.5
110,2025-04-09,2,4,0,110,3126,15994.285714285714,19484.0,18645.0,16139.6,16940.5,0.5714285714285714,0.5666666666666667,0.52,15994.285714285714,15994.285714285714,19484.0,0.7142857142857143,0.7142857142857143,0.5
111,2025-04-10,3,4,0,111,3126,15994.285714285714,19484.0,18645.0,16139.6,16940.5,0.5714285714285714,0.5666666666666667,0.52,15994.285714285714,15994.285714285714,19484.0,0.7142857142857143,0.7142857142857143,0.5
112,2025-04-11,4,4,0,112,3126,15994.285714285714,19484.0,18645.0,16139.6,16940.5,0.5714285714285714,0.5666666666666667,0.52,15994.285714285714,15994.285714285714,19484.0,0.7142857142857143,0.7142857142857143,0.5
113,2025-04-12,5,4,0,113,3126,15994.285714285714,19484.0,18645.0,16139.6,16940.5,0.5714285714285714,0.5666666666666667,0.52,15994.285714285714,15994.285714285714,19484.0,0.7142857142857143,0.7142857142857143,0.5
114,2025-04-13,6,4,0,114,3126,15994.285714285714,19484.0,18645.0,16139.6,16940.5,0.5714285714285714,0.5666666666666667,0.52,15994.285714285714,15994.285714285714,19484.0,0.7142857142857143,0.7142857142857143,0.5
115,2025-04-14,0,4,0,115,3126,15994.285714285714,19484.0,18645.0,16139.6,16940.5,0.5714285714285714,0.5666666666666667,0.52,15994.285714285714,15994.285714285714,19484.0,0.7142857142857143,0.7142857142857143,0.5
116,2025-04-15,1,4,0,116,3126,15994.285714285714,19484.0,18645.0,16139.6,16940.5,0.5714285714285714,0.5666666666666667,0.52,15994.285714285714,15994.285714285714,19484.0,0.7142857142857143,0.7142857142857143,0.5
117,2025-04-16,2,4,0,117,3126,15994.285714285714,19484.0,18645.0,16139.6,16940.5,0.5714285714285714,0.5666666666666667,0.52,15994.285714285714,15994.285714285714,19484.0,0.7142857142857143,0.7142857142857143,0.5
118,2025-04-17,3,4,0,118,3126,15994.285714285714,19484.0,18645.0,16139.6,16940.5,0.5714285714285714,0.5666666666666667,0.52,15994.285714285714,15994.285714285714,19484.0,0.7142857142857143,0.7142857142857143,0.5
119,2025-04-18,4,4,0,119,3126,15994.285714285714,19484.0,18645.0,16139.6,16940.5,0.5714285714285714,0.5666666666666667,0.52,15994.285714285714,15994.285714285714,19484.0,0.7142857142857143,0.7142857142857143,0.5
120,2025-04-19,5,4,0,120,3126,15994.285714285714,19484.0,18645.0,16139.6,16940.5,0.5714285714285714,0.5666666666666667,0.52,15994.285714285714,15994.285714285714,19484.0,0.7142857142857143,0.7142857142857143,0.5
121,2025-04-20,6,4,0,121,3126,15994.285714285714,19484.0,18645.0,16139.6,16940.5,0.5714285714285714,0.5666666666666667,0.52,15994.285714285714,15994.285714285714,19484.0,0.7142857142857143,0.7142857142857143,0.5
122,2025-04-21,0,4,0,122,3126,15994.285714285714,19484.0,18645.0,16139.6,16940.5,0.5714285714285714,0.5666666666666667,0.52,15994.285714285714,15994.285714285714,19484.0,0.7142857142857143,0.7142857142857143,0.5
123,2025-04-22,1,4,0,123,3126,15994.285714285714,19484.0,18645.0,16139.6,16940.5,0.5714285714285714,0.5666666666666667,0.52,15994.285714285714,15994.285714285714,19484.0,0.7142857142857143,0.7142857142857143,0.5
124,2025-04-23,2,4,0,124,3126,15994.285714285714,19484.0,18645.0,16139.6,16940.5,0.5714285714285714,0.5666666666666667,0.52,15994.285714285714,15994.285714285714,19484.0,0.7142857142857143,0.7142857142857143,0.5
125,2025-04-24,3,4,0,125,3126,15994.285714285714,19484.0,18645.0,16139.6,16940.5,0.5714285714285714,0.5666666666666667,0.52,15994.285714285714,15994.285714285714,19484.0,0.7142857142857143,0.7142857142857143,0.5
126,2025-04-25,4,4,0,126,3126,15994.285714285714,19484.0,18645.0,16139.6,16940.5,0.5714285714285714,0.5666666666666667,0.52,15994.285714285714,15994.285714285714,19484.0,0.7142857142857143,0.7142857142857143,0.5
127,2025-04-26,5,4,0,127,3126,15994.285714285714,19484.0,18645.0,16139.6,16940.5,0.5714285714285714,0.5666666666666667,0.52,15994.285714285714,15994.285714285714,19484.0,0.7142857142857143,0.7142857142857143,0.5
128,2025-04-27,6,4,0,128,3126,15994.285714285714,19484.0,18645.0,16139.6,16940.5,0.5714285714285714,0.5666666666666667,0.52,15994.285714285714,15994.285714285714,19484.0,0.7142857142857143,0.7142857142857143,0.5
129,2025-04-28,0,4,0,129,3126,15994.285714285714,19484.0,18645.0,16139.6,16940.5,0.5714285714285714,0.5666666666666667,0.52,15994.285714285714,15994.285714285714,19484.0,0.7142857142857143,0.7142857142857143,0.5
130,2025-04-29,1,4,0,130,3126,15994.285714285714,19484.0,18645.0,16139.6,16940.5,0.5714285714285714,0.5666666666666667,0.52,15994.285714285714,15994.285714285714,19484.0,0.7142857142857143,0.7142857142857143,0.5
131,2025-04-30,2,4,0,131,3126,15994.285714285714,19484.0,18645.0,16139.6,16940.5,0.5714285714285714,0.5666666666666667,0.52,15994.285714285714,15994.285714285714,19484.0,0.7142857142857143,0.7142857142857143,0.5
132,2025-05-01,3,5,0,132,3126,15994.285714285714,19484.0,18645.0,16139.6,16940.5,0.5714285714285714,0.5666666666666667,0.52,15994.285714285714,15994.285714285714,19484.0,0.7142857142857143,0.7142857142857143,0.5
133,2025-05-02,4,5,0,133,3126,15994.285714285714,19484.0,18645.0,16139.6,16940.5,0.5714285714285714,0.5666666666666667,0.52,15994.285714285714,15994.285714285714,19484.0,0.7142857142857143,0.7142857142857143,0.5
134,2025-05-03,5,5,0,134,3126,15994.285714285714,19484.0,18645.0,16139.6,16940.5,0.5714285714285714,0.5666666666666667,0.52,15994.285714285714,15994.285714285714,19484.0,0.7142857142857143,0.7142857142857143,0.5
135,2025-05-04,6,5,0,135,3126,15994.285714285714,19484.0,18645.0,16139.6,16940.5,0.5714285714285714,0.5666666666666667,0.52,15994.285714285714,15994.285714285714,19484.0,0.7142857142857143,0.7142857142857143,0.5
136,2025-05-05,0,5,0,136,3126,15994.285714285714,19484.0,18645.0,16139.6,16940.5,0.5714285714285714,0.5666666666666667,0.52,15994.285714285714,15994.285714285714,19484.0,0.7142857142857143,0.7142857142857143,0.5
137,2025-05-06,1,5,0,137,3126,15994.285714285714,19484.0,18645.0,16139.6,16940.5,0.5714285714285714,0.5666666666666667,0.52,15994.285714285714,15994.285714285714,19484.0,0.7142857142857143,0.7142857142857143,0.5
138,2025-05-07,2,5,0,138,3126,15994.285714285714,19484.0,18645.0,16139.6,16940.5,0.5714285714285714,0.5666666666666667,0.52,15994.285714285714,15994.285714285714,19484.0,0.7142857142857143,0.7142857142857143,0.5
139,2025-05-08,3,5,0,139,3126,15994.285714285714,19484.0,18645.0,16139.6,16940.5,0.5714285714285714,0.5666666666666667,0.52,15994.285714285714,15994.285714285714,19484.0,0.7142857142857143,0.7142857142857143,0.5
140,2025-05-09,4,5,0,140,3126,15994.285714285714,19484.0,18645.0,16139.6,16940.5,0.5714285714285714,0.5666666666666667,0.52,15994.285714285714,15994.285714285714,19484.0,0.7142857142857143,0.7142857142857143,0.5
141,2025-05-10,5,5,0,141,3126,15994.285714285714,19484.0,18645.0,16139.6,16940.5,0.5714285714285714,0.5666666666666667,0.52,15994.285714285714,15994.285714285714,19484.0,0.7142857142857143,0.7142857142857143,0.5
142,2025-05-11,6,5,0,142,3126,15994.285714285714,19484.0,18645.0,16139.6,16940.5,0.5714285714285714,0.5666666666666667,0.52,15994.285714285714,15994.285714285714,19484.0,0.7142857142857143,0.7142857142857143,0.5
143,2025-05-12,0,5,0,143,3126,15994.285714285714,19484.0,18645.0,16139.6,16940.5,0.5714285714285714,0.5666666666666667,0.52,15994.285714285714,15994.285714285714,19484.0,0.7142857142857143,0.7142857142857143,0.5
144,2025-05-13,1,5,0,144,3126,15994.285714285714,19484.0,18645.0,16139.6,16940.5,0.5714285714285714,0.5666666666666667,0.52,15994.285714285714,15994.285714285714,19484.0,0.7142857142857143,0.7142857142857143,0.5
145,2025-05-14,2,5,0,145,3126,15994.285714285714,19484.0,18645.0,16139.6,16940.5,0.5714285714285714,0.5666666666666667,0.52,15994.285714285714,15994.285714285714,19484.0,0.7142857142857143,0.7142857142857143,0.5
146,2025-05-15,3,5,0,146,3126,15994.285714285714,19484.0,18645.0,16139.6,16940.5,0.5714285714285714,0.5666666666666667,0.52,15994.285714285714,15994.285714285714,19484.0,0.7142857142857143,0.7142857142857143,0.5
147,2025-05-16,4,5,0,147,3126,15994.285714285714,19484.0,18645.0,16139.6,16940.5,0.5714285714285714,0.5666666666666667,0.52,15994.285714285714,15994.285714285714,19484.0,0.7142857142857143,0.7142857142857143,0.5
148,2025-05-17,5,5,0,148,3126,15994.285714285714,19484.0,18645.0,16139.6,16940.5,0.5714285714285714,0.5666666666666667,0.52,15994.285714285714,15994.285714285714,19484.0,0.7142857142857143,0.7142857142857143,0.5
149,2025-05-18,6,5,0,149,3126,15994.285714285714,19484.0,18645.0,16139.6,16940.5,0.5714285714285714,0.5666666666666667,0.52,15994.285714285714,15994.285714285714,19484.0,0.7142857142857143,0.7142857142857143,0.5
150,2025-05-19,0,5,0,150,3126,15994.285714285714,19484.0,18645.0,16139.6,16940.5,0.5714285714285714,0.5666666666666667,0.52,15994.285714285714,15994.285714285714,19484.0,0.7142857142857143,0.7142857142857143,0.5
151,2025-05-20,1,5,0,151,3126,15994.285714285714,19484.0,18645.0,16139.6,16940.5,0.5714285714285714,0.5666666666666667,0.52,15994.285714285714,15994.285714285714,19484.0,0.7142857142857143,0.7142857142857143,0.5
152,2025-05-21,2,5,0,152,3126,15994.285714285714,19484.0,18645.0,16139.6,16940.5,0.5714285714285714,0.5666666666666667,0.52,15994.285714285714,15994.285714285714,19484.0,0.7142857142857143,0.7142857142857143,0.5
153,2025-05-22,3,5,0,153,3126,15994.285714285714,19484.0,18645.0,16139.6,16940.5,0.5714285714285714,0.5666666666666667,0.52,15994.285714285714,15994.285714285714,19484.0,0.7142857142857143,0.7142857142857143,0.5
154,2025-05-23,4,5,0,154,3126,15994.285714285714,19484.0,18645.0,16139.6,16940.5,0.5714285714285714,0.5666666666666667,0.52,15994.285714285714,15994.285714285714,19484.0,0.7142857142857143,0.7142857142857143,0.5
155,2025-05-24,5,5,0,155,3126,15994.285714285714,19484.0,18645.0,16139.6,16940.5,0.5714285714285714,0.5666666666666667,0.52,15994.285714285714,15994.285714285714,19484.0,0.7142857142857143,0.7142857142857143,0.5
156,2025-05-25,6,5,0,156,3126,15994.285714285714,19484.0,18645.0,16139.6,16940.5,0.5714285714285714,0.5666666666666667,0.52,15994.285714285714,15994.285714285714,19484.0,0.7142857142857143,0.7142857142857143,0.5
157,2025-05-26,0,5,0,157,3126,15994.285714285714,19484.0,18645.0,16139.6,16940.5,0.5714285714285714,0.5666666666666667,0.52,15994.285714285714,15994.285714285714,19484.0,0.7142857142857143,0.7142857142857143,0.5
158,2025-05-27,1,5,0,158,3126,15994.285714285714,19484.0,18645.0,16139.6,16940.5,0.5714285714285714,0.5666666666666667,0.52,15994.285714285714,15994.285714285714,19484.0,0.7142857142857143,0.7142857142857143,0.5
159,2025-05-28,2,5,0,159,3126,15994.285714285714,19484.0,18645.0,16139.6,16940.5,0.5714285714285714,0.5666666666666667,0.52,15994.285714285714,15994.285714285714,19484.0,0.7142857142857143,0.7142857142857143,0.5
160,2025-05-29,3,5,0,160,3126,15994.285714285714,19484.0,18645.0,16139.6,16940.5,0.5714285714285714,0.5666666666666667,0.52,15994.285714285714,15994.285714285714,19484.0,0.7142857142857143,0.7142857142857143,0.5
161,2025-05-30,4,5,0,161,3126,15994.285714285714,19484.0,18645.0,16139.6,16940.5,0.5714285714285714,0.5666666666666667,0.52,15994.285714285714,15994.285714285714,19484.0,0.7142857142857143,0.7142857142857143,0.5
162,2025-05-31,5,5,0,162,3126,15994.285714285714,19484.0,18645.0,16139.6,16940.5,0.5714285714285714,0.5666666666666667,0.52,15994.285714285714,15994.285714285714,19484.0,0.7142857142857143,0.7142857142857143,0.5
0,2024-12-20,4,12,0,0,3781,0.0,13975.866666666667,15032.72,20525.445,32938.564,0.0,0.26666666666666666,0.31,29498.428571428572,14985.142857142857,14898.966666666667,0.5714285714285714,0.42857142857142855,0.36666666666666664
1,2024-12-21,5,12,0,1,3781,0.0,13975.866666666667,15032.72,20525.445,32938.564,0.0,0.26666666666666666,0.31,24267.14285714286,8236.57142857143,14898.966666666667,0.5714285714285714,0.2857142857142857,0.36666666666666664
2,2024-12-22,6,12,0,2,3781,0.0,13975.866666666667,15032.72,20525.445,32938.564,0.0,0.26666666666666666,0.31,26282.285714285714,8236.57142857143,14898.966666666667,0.5714285714285714,0.2857142857142857,0.36666666666666664
3,2024-12-23,0,12,0,3,3781,0.0,13975.866666666667,15032.72,20525.445,32938.564,0.0,0.26666666666666666,0.31,26282.285714285714,8236.57142857143,14898.966666666667,0.5714285714285714,0.2857142857142857,0.36666666666666664
4,2024-12-24,1,12,0,4,3781,0.0,13975.866666666667,15032.72,20525.445,32938.564,0.0,0.26666666666666666,0.31,26282.285714285714,8236.57142857143,14898.966666666667,0.5714285714285714,0.2857142857142857,0.36666666666666664
5,2024-12-25,2,12,1,5,3781,0.0,13975.866666666667,15032.72,20525.445,32938.564,0.0,0.26666666666666666,0.31,26282.285714285714,3388.5714285714284,14898.966666666667,0.5714285714285714,0.14285714285714285,0.36666666666666664
6,2024-12-26,3,12,1,6,3781,0.0,13975.866666666667,15032.72,20525.445,32938.564,0.0,0.26666666666666666,0.31,24176.571428571428,0.0,14898.966666666667,0.5714285714285714,0.0,0.36666666666666664
7,2024-12-27,4,12,0,7,3781,0.0,13975.866666666667,15032.72,20525.445,32938.564,0.0,0.26666666666666666,0.31,16690.85714285714,0.0,14898.966666666667,0.42857142857142855,0.0,0.36666666666666664
8,2024-12-28,5,12,0,8,3781,0.0,13975.866666666667,15032.72,20525.445,32938.564,0.0,0.26666666666666666,0.31,11009.42857142857,0.0,14898.966666666667,0.42857142857142855,0.0,0.36666666666666664
9,2024-12-29,6,12,0,9,3781,0.0,13975.866666666667,15032.72,20525.445,32938.564,0.0,0.26666666666666666,0.31,8480.0,0.0,14898.966666666667,0.42857142857142855,0.0,0.36666666666666664
10,2024-12-30,0,12,0,10,3781,0.0,13975.866666666667,15032.72,20525.445,32938.564,0.0,0.26666666666666666,0.31,8480.0,0.0,14898.966666666667,0.42857142857142855,0.0,0.36666666666666664
11,2024-12-31,1,12,0,11,3781,0.0,13975.866666666667,15032.72,20525.445,32938.564,0.0,0.26666666666666666,0.31,8480.0,0.0,14898.966666666667,0.42857142857142855,0.0,0.36666666666666664
12,2025-01-01,2,1,0,12,3781,0.0,13975.866666666667,15032.72,20525.445,32938.564,0.0,0.26666666666666666,0.31,8480.0,2254.285714285714,15424.966666666667,0.42857142857142855,0.14285714285714285,0.4
13,2025-01-02,3,1,0,13,3781,0.0,13975.866666666667,15032.72,20525.445,32938.564,0.0,0.26666666666666666,0.31,5220.0,2254.285714285714,15424.966666666667,0.2857142857142857,0.14285714285714285,0.4
14,2025-01-03,4,1,0,14,3781,0.0,13975.866666666667,15032.72,20525.445,32938.564,0.0,0.26666666666666666,0.31,11085.714285714286,8834.285714285714,16188.6,0.42857142857142855,0.2857142857142857,0.4
15,2025-01-04,5,1,0,15,3781,0.0,13975.866666666667,15032.72,20525.445,32938.564,0.0,0.26666666666666666,0.31,33020.0,11771.42857142857,15801.933333333332,0.42857142857142855,0.42857142857142855,0.4
16,2025-01-05,6,1,0,16,3781,0.0,13975.866666666667,15032.72,20525.445,32938.564,0.0,0.26666666666666666,0.31,30500.0,15491.42857142857,14771.933333333332,0.2857142857142857,0.5714285714285714,0.4
17,2025-01-06,0,1,0,17,3781,0.0,13975.866666666667,15032.72,20525.445,32938.564,0.0,0.26666666666666666,0.31,30500.0,15491.42857142857,12013.866666666667,0.2857142857142857,0.5714285714285714,0.36666666666666664
18,2025-01-07,1,1,0,18,3781,0.0,13975.866666666667,15032.72,20525.445,32938.564,0.0,0.26666666666666666,0.31,30500.0,15491.42857142857,10651.866666666667,0.2857142857142857,0.5714285714285714,0.3333333333333333
19,2025-01-08,2,1,0,19,3781,0.0,13975.866666666667,15032.72,20525.445,32938.564,0.0,0.26666666666666666,0.31,30500.0,19220.0,12047.866666666667,0.2857142857142857,0.5714285714285714,0.36666666666666664
20,2025-01-09,3,1,0,20,3781,0.0,13975.866666666667,15032.72,20525.445,32938.564,0.0,0.26666666666666666,0.31,30500.0,21942.85714285714,12683.2,0.2857142857142857,0.7142857142857143,0.4
21,2025-01-10,4,1,0,21,3781,0.0,13975.866666666667,15032.72,20525.445,32938.564,0.0,0.26666666666666666,0.31,24634.285714285714,31986.85714285714,14917.466666666667,0.14285714285714285,0.7142857142857143,0.4
22,2025-01-11,5,1,0,22,3781,0.0,13975.866666666667,15032.72,20525.445,32938.564,0.0,0.26666666666666666,0.31,0.0,44277.857142857145,17768.7,0.0,0.7142857142857143,0.4
23,2025-01-12,6,1,0,23,3781,0.0,13975.866666666667,15032.72,20525.445,32938.564,0.0,0.26666666666666666,0.31,0.0,40557.857142857145,16574.7,0.0,0.5714285714285714,0.36666666666666664
24,2025-01-13,0,1,0,24,3781,0.0,13975.866666666667,15032.72,20525.445,32938.564,0.0,0.26666666666666666,0.31,0.0,40557.857142857145,15000.033333333333,0.0,0.5714285714285714,0.3333333333333333
25,2025-01-14,1,1,0,25,3781,0.0,13975.866666666667,15032.72,20525.445,32938.564,0.0,0.26666666666666666,0.31,0.0,40557.857142857145,15000.033333333333,0.0,0.5714285714285714,0.3333333333333333
26,2025-01-15,2,1,0,26,3781,0.0,13975.866666666667,15032.72,20525.445,32938.564,0.0,0.26666666666666666,0.31,0.0,34575.0,15000.033333333333,0.0,0.42857142857142855,0.3333333333333333
27,2025-01-16,3,1,0,27,3781,0.0,13975.866666666667,15032.72,20525.445,32938.564,0.0,0.26666666666666666,0.31,0.0,31852.14285714286,15000.033333333333,0.0,0.2857142857142857,0.3333333333333333
28,2025-01-17,4,1,0,28,3781,0.0,13975.866666666667,15032.72,20525.445,32938.564,0.0,0.26666666666666666,0.31,0.0,15228.142857142857,13868.833333333334,0.0,0.14285714285714285,0.3
29,2025-01-18,5,1,0,29,3781,0.0,13975.866666666667,15032.72,20525.445,32938.564,0.0,0.26666666666666666,0.31,0.0,0.0,13078.166666666666,0.0,0.0,0.26666666666666666
30,2025-01-19,6,1,0,30,3781,0.0,13975.866666666667,15032.72,20525.445,32938.564,0.0,0.26666666666666666,0.31,0.0,2534.285714285714,13669.5,0.2857142857142857,0.14285714285714285,0.3
31,2025-01-20,0,1,0,31,3781,0.0,13975.866666666667,15032.72,20525.445,32938.564,0.0,0.26666666666666666,0.31,0.0,2534.285714285714,13669.5,0.2857142857142857,0.14285714285714285,0.3
32,2025-01-21,1,1,0,32,3781,0.0,13975.866666666667,15032.72,20525.445,32938.564,0.0,0.26666666666666666,0.31,0.0,2534.285714285714,13669.5,0.2857142857142857,0.14285714285714285,0.3
33,2025-01-22,2,1,0,33,3781,0.0,13975.866666666667,15032.72,20525.445,32938.564,0.0,0.26666666666666666,0.31,0.0,6911.428571428572,14690.833333333334,0.2857142857142857,0.2857142857142857,0.3333333333333333
34,2025-01-23,3,1,0,34,3781,0.0,13975.866666666667,15032.72,20525.445,32938.564,0.0,0.26666666666666666,0.31,0.0,10651.42857142857,15563.5,0.2857142857142857,0.42857142857142855,0.36666666666666664
35,2025-01-24,4,1,0,35,3781,0.0,13975.866666666667,15032.72,20525.445,32938.564,0.0,0.26666666666666666,0.31,0.0,10651.42857142857,15563.5,0.2857142857142857,0.42857142857142855,0.36666666666666664
36,2025-01-25,5,1,0,36,3781,0.0,13975.866666666667,15032.72,20525.445,32938.564,0.0,0.26666666666666666,0.31,0.0,10651.42857142857,15563.5,0.2857142857142857,0.42857142857142855,0.36666666666666664
37,2025-01-26,6,1,0,37,3781,0.0,13975.866666666667,15032.72,20525.445,32938.564,0.0,0.26666666666666666,0.31,0.0,12457.142857142857,16576.166666666668,0.2857142857142857,0.42857142857142855,0.4
38,2025-01-27,0,1,0,38,3781,0.0,13975.866666666667,15032.72,20525.445,32938.564,0.0,0.26666666666666666,0.31,0.0,12457.142857142857,16576.166666666668,0.2857142857142857,0.42857142857142855,0.4
39,2025-01-28,1,1,0,39,3781,0.0,13975.866666666667,15032.72,20525.445,32938.564,0.0,0.26666666666666666,0.31,0.0,12457.142857142857,16576.166666666668,0.2857142857142857,0.42857142857142855,0.4
40,2025-01-29,2,1,0,40,3781,0.0,13975.866666666667,15032.72,20525.445,32938.564,0.0,0.26666666666666666,0.31,0.0,8080.0,16576.166666666668,0.2857142857142857,0.2857142857142857,0.4
41,2025-01-30,3,1,0,41,3781,0.0,13975.866666666667,15032.72,20525.445,32938.564,0.0,0.26666666666666666,0.31,0.0,12310.57142857143,18435.966666666667,0.2857142857142857,0.2857142857142857,0.43333333333333335
42,2025-01-31,4,1,0,42,3781,0.0,13975.866666666667,15032.72,20525.445,32938.564,0.0,0.26666666666666666,0.31,0.0,23635.0,20552.333333333332,0.2857142857142857,0.42857142857142855,0.43333333333333335
43,2025-02-01,5,2,0,43,3781,0.0,13975.866666666667,15032.72,20525.445,32938.564,0.0,0.26666666666666666,0.31,0.0,23635.0,20552.333333333332,0.2857142857142857,0.42857142857142855,0.43333333333333335
44,2025-02-02,6,2,0,44,3781,0.0,13975.866666666667,15032.72,20525.445,32938.564,0.0,0.26666666666666666,0.31,0.0,26816.285714285714,20771.966666666667,0.2857142857142857,0.42857142857142855,0.43333333333333335
45,2025-02-03,0,2,0,45,3781,0.0,13975.866666666667,15032.72,20525.445,32938.564,0.0,0.26666666666666666,0.31,0.0,26816.285714285714,20086.633333333335,0.2857142857142857,0.42857142857142855,0.4
46,2025-02-04,1,2,0,46,3781,0.0,13975.866666666667,15032.72,20525.445,32938.564,0.0,0.26666666666666666,0.31,0.0,26816.285714285714,19218.633333333335,0.2857142857142857,0.42857142857142855,0.36666666666666664
47,2025-02-05,2,2,0,47,3781,0.0,13975.866666666667,15032.72,20525.445,32938.564,0.0,0.26666666666666666,0.31,0.0,26816.285714285714,19218.633333333335,0.2857142857142857,0.42857142857142855,0.36666666666666664
48,2025-02-06,3,2,0,48,3781,0.0,13975.866666666667,15032.72,20525.445,32938.564,0.0,0.26666666666666666,0.31,0.0,18845.714285714286,19218.633333333335,0.2857142857142857,0.2857142857142857,0.36666666666666664
49,2025-02-07,4,2,0,49,3781,0.0,13975.866666666667,15032.72,20525.445,32938.564,0.0,0.26666666666666666,0.31,0.0,7521.285714285715,17822.633333333335,0.2857142857142857,0.14285714285714285,0.3333333333333333
50,2025-02-08,5,2,0,50,3781,0.0,13975.866666666667,15032.72,20525.445,32938.564,0.0,0.26666666666666666,0.31,0.0,7521.285714285715,17187.3,0.2857142857142857,0.14285714285714285,0.3
51,2025-02-09,6,2,0,51,3781,0.0,13975.866666666667,15032.72,20525.445,32938.564,0.0,0.26666666666666666,0.31,0.0,0.0,13308.366666666667,0.2857142857142857,0.0,0.26666666666666666
52,2025-02-10,0,2,0,52,3781,0.0,13975.866666666667,15032.72,20525.445,32938.564,0.0,0.26666666666666666,0.31,0.0,0.0,9755.133333333333,0.2857142857142857,0.0,0.23333333333333334
53,2025-02-11,1,2,0,53,3781,0.0,13975.866666666667,15032.72,20525.445,32938.564,0.0,0.26666666666666666,0.31,0.0,0.0,9755.133333333333,0.2857142857142857,0.0,0.23333333333333334
54,2025-02-12,2,2,0,54,3781,0.0,13975.866666666667,15032.72,20525.445,32938.564,0.0,0.26666666666666666,0.31,0.0,2808.5714285714284,10410.466666666667,0.2857142857142857,0.14285714285714285,0.26666666666666666
55,2025-02-13,3,2,0,55,3781,0.0,13975.866666666667,15032.72,20525.445,32938.564,0.0,0.26666666666666666,0.31,0.0,2808.5714285714284,10410.466666666667,0.2857142857142857,0.14285714285714285,0.26666666666666666
56,2025-02-14,4,2,0,56,3781,0.0,13975.866666666667,15032.72,20525.445,32938.564,0.0,0.26666666666666666,0.31,0.0,9102.857142857143,11879.133333333333,0.2857142857142857,0.2857142857142857,0.3
57,2025-02-15,5,2,0,57,3781,0.0,13975.866666666667,15032.72,20525.445,32938.564,0.0,0.26666666666666666,0.31,0.0,9102.857142857143,11879.133333333333,0.2857142857142857,0.2857142857142857,0.3
58,2025-02-16,6,2,0,58,3781,0.0,13975.866666666667,15032.72,20525.445,32938.564,0.0,0.26666666666666666,0.31,0.0,9102.857142857143,11879.133333333333,0.2857142857142857,0.2857142857142857,0.3
59,2025-02-17,0,2,0,59,3781,0.0,13975.866666666667,15032.72,20525.445,32938.564,0.0,0.26666666666666666,0.31,0.0,9102.857142857143,11879.133333333333,0.2857142857142857,0.2857142857142857,0.3
60,2025-02-18,1,2,0,60,3781,0.0,13975.866666666667,15032.72,20525.445,32938.564,0.0,0.26666666666666666,0.31,0.0,9102.857142857143,11287.8,0.2857142857142857,0.2857142857142857,0.26666666666666666
61,2025-02-19,2,2,0,61,3781,0.0,13975.866666666667,15032.72,20525.445,32938.564,0.0,0.26666666666666666,0.31,0.0,18594.0,14157.733333333334,0.2857142857142857,0.2857142857142857,0.3
62,2025-02-20,3,2,0,62,3781,0.0,13975.866666666667,15032.72,20525.445,32938.564,0.0,0.26666666666666666,0.31,0.0,25159.428571428572,15689.666666666666,0.2857142857142857,0.42857142857142855,0.3333333333333333
63,2025-02-21,4,2,0,63,3781,0.0,13975.866666666667,15032.72,20525.445,32938.564,0.0,0.26666666666666666,0.31,0.0,25884.0,16306.066666666668,0.2857142857142857,0.42857142857142855,0.3333333333333333
64,2025-02-22,5,2,0,64,3781,0.0,13975.866666666667,15032.72,20525.445,32938.564,0.0,0.26666666666666666,0.31,0.0,39496.71428571428,18609.7,0.2857142857142857,0.5714285714285714,0.3333333333333333
65,2025-02-23,6,2,0,65,3781,0.0,13975.866666666667,15032.72,20525.445,32938.564,0.0,0.26666666666666666,0.31,0.0,42531.0,19317.7,0.2857142857142857,0.7142857142857143,0.36666666666666664
66,2025-02-24,0,2,0,66,3781,0.0,13975.866666666667,15032.72,20525.445,32938.564,0.0,0.26666666666666666,0.31,0.0,42531.0,19317.7,0.2857142857142857,0.7142857142857143,0.36666666666666664
67,2025-02-25,1,2,0,67,3781,0.0,13975.866666666667,15032.72,20525.445,32938.564,0.0,0.26666666666666666,0.31,0.0,42531.0,18305.033333333333,0.2857142857142857,0.7142857142857143,0.3333333333333333
68,2025-02-26,2,2,0,68,3781,0.0,13975.866666666667,15032.72,20525.445,32938.564,0.0,0.26666666666666666,0.31,0.0,30231.285714285714,18305.033333333333,0.2857142857142857,0.5714285714285714,0.3333333333333333
69,2025-02-27,3,2,0,69,3781,0.0,13975.866666666667,15032.72,20525.445,32938.564,0.0,0.26666666666666666,0.31,0.0,29031.571428571428,19557.033333333333,0.2857142857142857,0.5714285714285714,0.36666666666666664
70,2025-02-28,4,2,0,70,3781,0.0,13975.866666666667,15032.72,20525.445,32938.564,0.0,0.26666666666666666,0.31,0.0,29498.428571428572,21303.7,0.2857142857142857,0.5714285714285714,0.4
71,2025-03-01,5,3,0,71,3781,0.0,13975.866666666667,15032.72,20525.445,32938.564,0.0,0.26666666666666666,0.31,0.0,24267.14285714286,21399.566666666666,0.2857142857142857,0.5714285714285714,0.4
72,2025-03-02,6,3,0,72,3781,0.0,13975.866666666667,15032.72,20525.445,32938.564,0.0,0.26666666666666666,0.31,0.0,26282.285714285714,19935.4,0.2857142857142857,0.5714285714285714,0.4
73,2025-03-03,0,3,0,73,3781,0.0,13975.866666666667,15032.72,20525.445,32938.564,0.0,0.26666666666666666,0.31,0.0,26282.285714285714,19935.4,0.2857142857142857,0.5714285714285714,0.4
74,2025-03-04,1,3,0,74,3781,0.0,13975.866666666667,15032.72,20525.445,32938.564,0.0,0.26666666666666666,0.31,0.0,26282.285714285714,18180.433333333334,0.2857142857142857,0.5714285714285714,0.36666666666666664
75,2025-03-05,2,3,0,75,3781,0.0,13975.866666666667,15032.72,20525.445,32938.564,0.0,0.26666666666666666,0.31,0.0,26282.285714285714,18180.433333333334,0.2857142857142857,0.5714285714285714,0.36666666666666664
76,2025-03-06,3,3,0,76,3781,0.0,13975.866666666667,15032.72,20525.445,32938.564,0.0,0.26666666666666666,0.31,0.0,24176.571428571428,18941.1,0.2857142857142857,0.5714285714285714,0.4
77,2025-03-07,4,3,0,77,3781,0.0,13975.866666666667,15032.72,20525.445,32938.564,0.0,0.26666666666666666,0.31,0.0,16690.85714285714,18941.1,0.2857142857142857,0.42857142857142855,0.4
78,2025-03-08,5,3,0,78,3781,0.0,13975.866666666667,15032.72,20525.445,32938.564,0.0,0.26666666666666666,0.31,0.0,11009.42857142857,19571.1,0.2857142857142857,0.42857142857142855,0.43333333333333335
79,2025-03-09,6,3,0,79,3781,0.0,13975.866666666667,15032.72,20525.445,32938.564,0.0,0.26666666666666666,0.31,0.0,8480.0,20159.1,0.2857142857142857,0.42857142857142855,0.4666666666666667
80,2025-03-10,0,3,0,80,3781,0.0,13975.866666666667,15032.72,20525.445,32938.564,0.0,0.26666666666666666,0.31,0.0,8480.0,20159.1,0.2857142857142857,0.42857142857142855,0.4666666666666667
81,2025-03-11,1,3,0,81,3781,0.0,13975.866666666667,15032.72,20525.445,32938.564,0.0,0.26666666666666666,0.31,0.0,8480.0,20159.1,0.2857142857142857,0.42857142857142855,0.4666666666666667
82,2025-03-12,2,3,0,82,3781,0.0,13975.866666666667,15032.72,20525.445,32938.564,0.0,0.26666666666666666,0.31,0.0,8480.0,20159.1,0.2857142857142857,0.42857142857142855,0.4666666666666667
83,2025-03-13,3,3,0,83,3781,0.0,13975.866666666667,15032.72,20525.445,32938.564,0.0,0.26666666666666666,0.31,0.0,5220.0,20159.1,0.2857142857142857,0.2857142857142857,0.4666666666666667
84,2025-03-14,4,3,0,84,3781,0.0,13975.866666666667,15032.72,20525.445,32938.564,0.0,0.26666666666666666,0.31,0.0,11085.714285714286,20872.433333333334,0.2857142857142857,0.42857142857142855,0.4666666666666667
85,2025-03-15,5,3,0,85,3781,0.0,13975.866666666667,15032.72,20525.445,32938.564,0.0,0.26666666666666666,0.31,0.0,33020.0,26620.433333333334,0.2857142857142857,0.42857142857142855,0.5
86,2025-03-16,6,3,0,86,3781,0.0,13975.866666666667,15032.72,20525.445,32938.564,0.0,0.26666666666666666,0.31,0.0,30500.0,25151.766666666666,0.2857142857142857,0.2857142857142857,0.4666666666666667
87,2025-03-17,0,3,0,87,3781,0.0,13975.866666666667,15032.72,20525.445,32938.564,0.0,0.26666666666666666,0.31,0.0,30500.0,25151.766666666666,0.2857142857142857,0.2857142857142857,0.4666666666666667
88,2025-03-18,1,3,0,88,3781,0.0,13975.866666666667,15032.72,20525.445,32938.564,0.0,0.26666666666666666,0.31,0.0,30500.0,25151.766666666666,0.2857142857142857,0.2857142857142857,0.4666666666666667
89,2025-03-19,2,3,0,89,3781,0.0,13975.866666666667,15032.72,20525.445,32938.564,0.0,0.26666666666666666,0.31,0.0,30500.0,25151.766666666666,0.2857142857142857,0.2857142857142857,0.4666666666666667
90,2025-03-20,3,3,0,90,3781,0.0,13975.866666666667,15032.72,20525.445,32938.564,0.0,0.26666666666666666,0.31,0.0,30500.0,25151.766666666666,0.2857142857142857,0.2857142857142857,0.4666666666666667
91,2025-03-21,4,3,0,91,3781,0.0,13975.866666666667,15032.72,20525.445,32938.564,0.0,0.26666666666666666,0.31,0.0,24634.285714285714,22281.833333333332,0.2857142857142857,0.14285714285714285,0.43333333333333335
92,2025-03-22,5,3,0,92,3781,0.0,13975.866666666667,15032.72,20525.445,32938.564,0.0,0.26666666666666666,0.31,0.0,0.0,20749.9,0.2857142857142857,0.0,0.4
93,2025-03-23,6,3,0,93,3781,0.0,13975.866666666667,15032.72,20525.445,32938.564,0.0,0.26666666666666666,0.31,0.0,0.0,19112.166666666668,0.2857142857142857,0.0,0.36666666666666664
94,2025-03-24,0,3,0,94,3781,0.0,13975.866666666667,15032.72,20525.445,32938.564,0.0,0.26666666666666666,0.31,0.0,0.0,15935.866666666667,0.2857142857142857,0.0,0.3333333333333333
95,2025-03-25,1,3,0,95,3781,0.0,13975.866666666667,15032.72,20525.445,32938.564,0.0,0.26666666666666666,0.31,0.0,0.0,15227.866666666667,0.2857142857142857,0.0,0.3
96,2025-03-26,2,3,0,96,3781,0.0,13975.866666666667,15032.72,20525.445,32938.564,0.0,0.26666666666666666,0.31,0.0,0.0,15227.866666666667,0.2857142857142857,0.0,0.3
97,2025-03-27,3,3,0,97,3781,0.0,13975.866666666667,15032.72,20525.445,32938.564,0.0,0.26666666666666666,0.31,0.0,0.0,15227.866666666667,0.2857142857142857,0.0,0.3
98,2025-03-28,4,3,0,98,3781,0.0,13975.866666666667,15032.72,20525.445,32938.564,0.0,0.26666666666666666,0.31,0.0,0.0,15227.866666666667,0.2857142857142857,0.0,0.3
99,2025-03-29,5,3,0,99,3781,0.0,13975.866666666667,15032.72,20525.445,32938.564,0.0,0.26666666666666666,0.31,0.0,0.0,13975.866666666667,0.2857142857142857,0.0,0.26666666666666666
100,2025-03-30,6,3,0,100,3781,0.0,13975.866666666667,15032.72,20525.445,32938.564,0.0,0.26666666666666666,0.31,0.0,0.0,13975.866666666667,0.2857142857142857,0.2857142857142857,0.4666666666666667
101,2025-03-31,0,3,0,101,3781,0.0,13975.866666666667,15032.72,20525.445,32938.564,0.0,0.26666666666666666,0.31,0.0,0.0,13975.866666666667,0.2857142857142857,0.2857142857142857,0.4666666666666667
102,2025-04-01,1,4,0,102,3781,0.0,13975.866666666667,15032.72,20525.445,32938.564,0.0,0.26666666666666666,0.31,0.0,0.0,13975.866666666667,0.2857142857142857,0.2857142857142857,0.4666666666666667
103,2025-04-02,2,4,0,103,3781,0.0,13975.866666666667,15032.72,20525.445,32938.564,0.0,0.26666666666666666,0.31,0.0,0.0,13975.866666666667,0.2857142857142857,0.2857142857142857,0.4666666666666667
104,2025-04-03,3,4,0,104,3781,0.0,13975.866666666667,15032.72,20525.445,32938.564,0.0,0.26666666666666666,0.31,0.0,0.0,13975.866666666667,0.2857142857142857,0.2857142857142857,0.4666666666666667
105,2025-04-04,4,4,0,105,3781,0.0,13975.866666666667,15032.72,20525.445,32938.564,0.0,0.26666666666666666,0.31,0.0,0.0,13975.866666666667,0.2857142857142857,0.2857142857142857,0.4666666666666667
106,2025-04-05,5,4,0,106,3781,0.0,13975.866666666667,15032.72,20525.445,32938.564,0.0,0.26666666666666666,0.31,0.0,0.0,13975.866666666667,0.2857142857142857,0.2857142857142857,0.4666666666666667
107,2025-04-06,6,4,0,107,3781,0.0,13975.866666666667,15032.72,20525.445,32938.564,0.0,0.26666666666666666,0.31,0.0,0.0,13975.866666666667,0.2857142857142857,0.2857142857142857,0.4666666666666667
108,2025-04-07,0,4,0,108,3781,0.0,13975.866666666667,15032.72,20525.445,32938.564,0.0,0.26666666666666666,0.31,0.0,0.0,13975.866666666667,0.2857142857142857,0.2857142857142857,0.4666666666666667
109,2025-04-08,1,4,0,109,3781,0.0,13975.866666666667,15032.72,20525.445,32938.564,0.0,0.26666666666666666,0.31,0.0,0.0,13975.866666666667,0.2857142857142857,0.2857142857142857,0.4666666666666667
110,2025-04-09,2,4,0,110,3781,0.0,13975.866666666667,15032.72,20525.445,32938.564,0.0,0.26666666666666666,0.31,0.0,0.0,13975.866666666667,0.2857142857142857,0.2857142857142857,0.4666666666666667
111,2025-04-10,3,4,0,111,3781,0.0,13975.866666666667,15032.72,20525.445,32938.564,0.0,0.26666666666666666,0.31,0.0,0.0,13975.866666666667,0.2857142857142857,0.2857142857142857,0.4666666666666667
112,2025-04-11,4,4,0,112,3781,0.0,13975.866666666667,15032.72,20525.445,32938.564,0.0,0.26666666666666666,0.31,0.0,0.0,13975.866666666667,0.2857142857142857,0.2857142857142857,0.4666666666666667
113,2025-04-12,5,4,0,113,3781,0.0,13975.866666666667,15032.72,20525.445,32938.564,0.0,0.26666666666666666,0.31,0.0,0.0,13975.866666666667,0.2857142857142857,0.2857142857142857,0.4666666666666667
114,2025-04-13,6,4,0,114,3781,0.0,13975.866666666667,15032.72,20525.445,32938.564,0.0,0.26666666666666666,0.31,0.0,0.0,13975.866666666667,0.2857142857142857,0.2857142857142857,0.4666666666666667
115,2025-04-14,0,4,0,115,3781,0.0,13975.866666666667,15032.72,20525.445,32938.564,0.0,0.26666666666666666,0.31,0.0,0.0,13975.866666666667,0.2857142857142857,0.2857142857142857,0.4666666666666667
116,2025-04-15,1,4,0,116,3781,0.0,13975.866666666667,15032.72,20525.445,32938.564,0.0,0.26666666666666666,0.31,0.0,0.0,13975.866666666667,0.2857142857142857,0.2857142857142857,0.4666666666666667
117,2025-04-16,2,4,0,117,3781,0.0,13975.866666666667,15032.72,20525.445,32938.564,0.0,0.26666666666666666,0.31,0.0,0.0,13975.866666666667,0.2857142857142857,0.2857142857142857,0.4666666666666667
118,2025-04-17,3,4,0,118,3781,0.0,13975.866666666667,15032.72,20525.445,32938.564,0.0,0.26666666666666666,0.31,0.0,0.0,13975.866666666667,0.2857142857142857,0.2857142857142857,0.4666666666666667
119,2025-04-18,4,4,0,119,3781,0.0,13975.866666666667,15032.72,20525.445,32938.564,0.0,0.26666666666666666,0.31,0.0,0.0,13975.866666666667,0.2857142857142857,0.2857142857142857,0.4666666666666667
120,2025-04-19,5,4,0,120,3781,0.0,13975.866666666667,15032.72,20525.445,32938.564,0.0,0.26666666666666666,0.31,0.0,0.0,13975.866666666667,0.2857142857142857,0.2857142857142857,0.4666666666666667
121,2025-04-20,6,4,0,121,3781,0.0,13975.866666666667,15032.72,20525.445,32938.564,0.0,0.26666666666666666,0.31,0.0,0.0,13975.866666666667,0.2857142857142857,0.2857142857142857,0.4666666666666667
122,2025-04-21,0,4,0,122,3781,0.0,13975.866666666667,15032.72,20525.445,32938.564,0.0,0.26666666666666666,0.31,0.0,0.0,13975.866666666667,0.2857142857142857,0.2857142857142857,0.4666666666666667
123,2025-04-22,1,4,0,123,3781,0.0,13975.866666666667,15032.72,20525.445,32938.564,0.0,0.26666666666666666,0.31,0.0,0.0,13975.866666666667,0.2857142857142857,0.2857142857142857,0.4666666666666667
124,2025-04-23,2,4,0,124,3781,0.0,13975.866666666667,15032.72,20525.445,32938.564,0.0,0.26666666666666666,0.31,0.0,0.0,13975.866666666667,0.2857142857142857,0.2857142857142857,0.4666666666666667
125,2025-04-24,3,4,0,125,3781,0.0,13975.866666666667,15032.72,20525.445,32938.564,0.0,0.26666666666666666,0.31,0.0,0.0,13975.866666666667,0.2857142857142857,0.2857142857142857,0.4666666666666667
126,2025-04-25,4,4,0,126,3781,0.0,13975.866666666667,15032.72,20525.445,32938.564,0.0,0.26666666666666666,0.31,0.0,0.0,13975.866666666667,0.2857142857142857,0.2857142857142857,0.4666666666666667
127,2025-04-26,5,4,0,127,3781,0.0,13975.866666666667,15032.72,20525.445,32938.564,0.0,0.26666666666666666,0.31,0.0,0.0,13975.866666666667,0.2857142857142857,0.2857142857142857,0.4666666666666667
128,2025-04-27,6,4,0,128,3781,0.0,13975.866666666667,15032.72,20525.445,32938.564,0.0,0.26666666666666666,0.31,0.0,0.0,13975.866666666667,0.2857142857142857,0.2857142857142857,0.4666666666666667
129,2025-04-28,0,4,0,129,3781,0.0,13975.866666666667,15032.72,20525.445,32938.564,0.0,0.26666666666666666,0.31,0.0,0.0,13975.866666666667,0.2857142857142857,0.2857142857142857,0.4666666666666667
130,2025-04-29,1,4,0,130,3781,0.0,13975.866666666667,15032.72,20525.445,32938.564,0.0,0.26666666666666666,0.31,0.0,0.0,13975.866666666667,0.2857142857142857,0.2857142857142857,0.4666666666666667
131,2025-04-30,2,4,0,131,3781,0.0,13975.866666666667,15032.72,20525.445,32938.564,0.0,0.26666666666666666,0.31,0.0,0.0,13975.866666666667,0.2857142857142857,0.2857142857142857,0.4666666666666667
132,2025-05-01,3,5,0,132,3781,0.0,13975.866666666667,15032.72,20525.445,32938.564,0.0,0.26666666666666666,0.31,0.0,0.0,13975.866666666667,0.2857142857142857,0.2857142857142857,0.4666666666666667
133,2025-05-02,4,5,0,133,3781,0.0,13975.866666666667,15032.72,20525.445,32938.564,0.0,0.26666666666666666,0.31,0.0,0.0,13975.866666666667,0.2857142857142857,0.2857142857142857,0.4666666666666667
134,2025-05-03,5,5,0,134,3781,0.0,13975.866666666667,15032.72,20525.445,32938.564,0.0,0.26666666666666666,0.31,0.0,0.0,13975.866666666667,0.2857142857142857,0.2857142857142857,0.4666666666666667
135,2025-05-04,6,5,0,135,3781,0.0,13975.866666666667,15032.72,20525.445,32938.564,0.0,0.26666666666666666,0.31,0.0,0.0,13975.866666666667,0.2857142857142857,0.2857142857142857,0.4666666666666667
136,2025-05-05,0,5,0,136,3781,0.0,13975.866666666667,15032.72,20525.445,32938.564,0.0,0.26666666666666666,0.31,0.0,0.0,13975.866666666667,0.2857142857142857,0.2857142857142857,0.4666666666666667
137,2025-05-06,1,5,0,137,3781,0.0,13975.866666666667,15032.72,20525.445,32938.564,0.0,0.26666666666666666,0.31,0.0,0.0,13975.866666666667,0.2857142857142857,0.2857142857142857,0.4666666666666667
138,2025-05-07,2,5,0,138,3781,0.0,13975.866666666667,15032.72,20525.445,32938.564,0.0,0.26666666666666666,0.31,0.0,0.0,13975.866666666667,0.2857142857142857,0.2857142857142857,0.4666666666666667
139,2025-05-08,3,5,0,139,3781,0.0,13975.866666666667,15032.72,20525.445,32938.564,0.0,0.26666666666666666,0.31,0.0,0.0,13975.866666666667,0.2857142857142857,0.2857142857142857,0.4666666666666667
140,2025-05-09,4,5,0,140,3781,0.0,13975.866666666667,15032.72,20525.445,32938.564,0.0,0.26666666666666666,0.31,0.0,0.0,13975.866666666667,0.2857142857142857,0.2857142857142857,0.4666666666666667
141,2025-05-10,5,5,0,141,3781,0.0,13975.866666666667,15032.72,20525.445,32938.564,0.0,0.26666666666666666,0.31,0.0,0.0,13975.866666666667,0.2857142857142857,0.2857142857142857,0.4666666666666667
142,2025-05-11,6,5,0,142,3781,0.0,13975.866666666667,15032.72,20525.445,32938.564,0.0,0.26666666666666666,0.31,0.0,0.0,13975.866666666667,0.2857142857142857,0.2857142857142857,0.4666666666666667
143,2025-05-12,0,5,0,143,3781,0.0,13975.866666666667,15032.72,20525.445,32938.564,0.0,0.26666666666666666,0.31,0.0,0.0,13975.866666666667,0.2857142857142857,0.2857142857142857,0.4666666666666667
144,2025-05-13,1,5,0,144,3781,0.0,13975.866666666667,15032.72,20525.445,32938.564,0.0,0.26666666666666666,0.31,0.0,0.0,13975.866666666667,0.2857142857142857,0.2857142857142857,0.4666666666666667
145,2025-05-14,2,5,0,145,3781,0.0,13975.866666666667,15032.72,20525.445,32938.564,0.0,0.26666666666666666,0.31,0.0,0.0,13975.866666666667,0.2857142857142857,0.2857142857142857,0.4666666666666667
146,2025-05-15,3,5,0,146,3781,0.0,13975.866666666667,15032.72,20525.445,32938.564,0.0,0.26666666666666666,0.31,0.0,0.0,13975.866666666667,0.2857142857142857,0.2857142857142857,0.4666666666666667
147,2025-05-16,4,5,0,147,3781,0.0,13975.866666666667,15032.72,20525.445,32938.564,0.0,0.26666666666666666,0.31,0.0,0.0,13975.866666666667,0.2857142857142857,0.2857142857142857,0.4666666666666667
148,2025-05-17,5,5,0,148,3781,0.0,13975.866666666667,15032.72,20525.445,32938.564,0.0,0.26666666666666666,0.31,0.0,0.0,13975.866666666667,0.2857142857142857,0.2857142857142857,0.4666666666666667
149,2025-05-18,6,5,0,149,3781,0.0,13975.866666666667,15032.72,20525.445,32938.564,0.0,0.26666666666666666,0.31,0.0,0.0,13975.866666666667,0.2857142857142857,0.2857142857142857,0.4666666666666667
150,2025-05-19,0,5,0,150,3781,0.0,13975.866666666667,15032.72,20525.445,32938.564,0.0,0.26666666666666666,0.31,0.0,0.0,13975.866666666667,0.2857142857142857,0.2857142857142857,0.4666666666666667
151,2025-05-20,1,5,0,151,3781,0.0,13975.866666666667,15032.72,20525.445,32938.564,0.0,0.26666666666666666,0.31,0.0,0.0,13975.866666666667,0.2857142857142857,0.2857142857142857,0.4666666666666667
152,2025-05-21,2,5,0,152,3781,0.0,13975.866666666667,15032.72,20525.445,32938.564,0.0,0.26666666666666666,0.31,0.0,0.0,13975.866666666667,0.2857142857142857,0.2857142857142857,0.4666666666666667
153,2025-05-22,3,5,0,153,3781,0.0,13975.866666666667,15032.72,20525.445,32938.564,0.0,0.26666666666666666,0.31,0.0,0.0,13975.866666666667,0.2857142857142857,0.2857142857142857,0.4666666666666667
154,2025-05-23,4,5,0,154,3781,0.0,13975.866666666667,15032.72,20525.445,32938.564,0.0,0.26666666666666666,0.31,0.0,0.0,13975.866666666667,0.2857142857142857,0.2857142857142857,0.4666666666666667
155,2025-05-24,5,5,0,155,3781,0.0,13975.866666666667,15032.72,20525.445,32938.564,0.0,0.26666666666666666,0.31,0.0,0.0,13975.866666666667,0.2857142857142857,0.2857142857142857,0.4666666666666667
156,2025-05-25,6,5,0,156,3781,0.0,13975.866666666667,15032.72,20525.445,32938.564,0.0,0.26666666666666666,0.31,0.0,0.0,13975.866666666667,0.2857142857142857,0.2857142857142857,0.4666666666666667
157,2025-05-26,0,5,0,157,3781,0.0,13975.866666666667,15032.72,20525.445,32938.564,0.0,0.26666666666666666,0.31,0.0,0.0,13975.866666666667,0.2857142857142857,0.2857142857142857,0.4666666666666667
158,2025-05-27,1,5,0,158,3781,0.0,13975.866666666667,15032.72,20525.445,32938.564,0.0,0.26666666666666666,0.31,0.0,0.0,13975.866666666667,0.2857142857142857,0.2857142857142857,0.4666666666666667
159,2025-05-28,2,5,0,159,3781,0.0,13975.866666666667,15032.72,20525.445,32938.564,0.0,0.26666666666666666,0.31,0.0,0.0,13975.866666666667,0.2857142857142857,0.2857142857142857,0.4666666666666667
160,2025-05-29,3,5,0,160,3781,0.0,13975.866666666667,15032.72,20525.445,32938.564,0.0,0.26666666666666666,0.31,0.0,0.0,13975.866666666667,0.2857142857142857,0.2857142857142857,0.4666666666666667
161,2025-05-30,4,5,0,161,3781,0.0,13975.866666666667,15032.72,20525.445,32938.564,0.0,0.26666666666666666,0.31,0.0,0.0,13975.866666666667,0.2857142857142857,0.2857142857142857,0.4666666666666667
162,2025-05-31,5,5,0,162,3781,0.0,13975.866666666667,15032.72,20525.445,32938.564,0.0,0.26666666666666666,0.31,0.0,0.0,13975.866666666667,0.2857142857142857,0.2857142857142857,0.4666666666666667
